"","age","sex","civil_status","education","professional_experience","COMP1","COMP2","COMP3","COMP4","COMP5","CONF1","CONF2","CONF3","CONF4","CONF5","INSE1","INSE2","INSE3","INSE4","INSE5","alene","leder","bransje"
"1",41,1,3,3,"25",2,2,2,2,2,3,1,3,2,2,1,1,1,1,1,FALSE,FALSE,"Helse og omsorg"
"2",28,1,2,3,"5",1,1,1,3,1,1,3,3,3,3,1,1,1,1,1,FALSE,FALSE,"annet"
"3",26,1,1,3,"1,5",2,2,2,2,2,1,1,1,1,1,1,1,1,1,1,TRUE,FALSE,"Helse og omsorg"
"4",43,2,2,3,"25",1,1,1,1,1,1,1,1,1,1,1,1,1,1,1,FALSE,FALSE,"Olje og gass"
"11",39,2,3,2,"22",5,5,4,6,6,3,2,3,3,3,2,1,1,1,1,FALSE,TRUE,"Bygg og anlegg"
"16",31,1,1,4,"10",4,5,4,6,5,1,1,1,1,1,3,1,1,1,2,TRUE,FALSE,"Helse og omsorg"
"17",51,1,3,3,"30",4,2,3,5,3,5,1,2,1,3,5,5,3,4,3,FALSE,TRUE,"Helse og omsorg"
"20",48,1,3,3,"21",4,4,5,5,5,2,2,2,2,2,2,2,2,2,2,FALSE,TRUE,"Helse og omsorg"
"22",49,1,3,2,"29",1,1,1,3,1,1,1,1,1,1,1,1,1,1,1,FALSE,FALSE,"Helse og omsorg"
"25",45,2,3,3,"2006",6,4,4,6,6,6,4,4,6,6,6,4,6,2,2,FALSE,FALSE,"Helse og omsorg"
"28",26,1,1,2,"4",4,4,4,5,5,4,3,4,2,3,4,1,1,1,1,TRUE,FALSE,"Helse og omsorg"
"30",28,2,2,2,"5",1,3,1,1,1,4,4,4,4,2,1,1,1,1,1,FALSE,FALSE,"IT"
"32",49,2,3,4,"24",6,6,7,7,6,6,6,6,6,6,1,1,1,1,1,FALSE,FALSE,"Helse og omsorg"
"40",61,1,3,4,"36",1,2,1,5,1,7,5,5,6,6,1,1,1,1,1,FALSE,FALSE,"Forskning og undervisning"
"41",44,1,5,4,"15",2,2,2,4,4,4,4,4,3,3,5,3,1,1,1,TRUE,FALSE,"Helse og omsorg"
"42",44,1,3,4,"26",3,2,2,3,3,2,1,2,2,2,1,1,1,1,1,FALSE,FALSE,"Helse og omsorg"
"43",56,1,3,1,"41",1,1,1,1,1,1,1,1,1,1,1,1,1,1,1,FALSE,FALSE,"annet"
"46",30,1,3,3,"10",6,7,6,7,5,3,4,3,3,3,1,1,1,1,1,FALSE,FALSE,"Helse og omsorg"
"47",51,1,2,1,"28",4,4,4,5,5,1,1,1,1,1,3,5,5,5,5,FALSE,FALSE,"Varehandel"
"48",60,1,5,3,"40",5,5,2,5,5,5,5,6,6,4,2,2,2,2,2,TRUE,TRUE,"annet"
"50",51,1,2,2,"30",5,6,6,6,6,5,3,2,2,2,2,1,2,1,1,FALSE,FALSE,"Helse og omsorg"
"51",42,1,2,4,"15",2,2,4,3,2,1,1,1,1,1,2,2,2,2,2,FALSE,FALSE,"Offentlig administrasjon"
"53",47,1,3,2,"23",6,6,6,5,6,4,2,2,2,2,2,1,1,1,1,FALSE,FALSE,"Helse og omsorg"
"55",51,1,1,2,"28",4,5,4,3,2,2,1,1,1,1,2,1,4,4,3,TRUE,FALSE,"annet"
"58",51,1,1,4,"25",5,4,4,5,5,1,1,2,1,1,1,1,1,1,1,TRUE,FALSE,"Helse og omsorg"
"60",51,1,2,2,"32",4,5,2,2,2,2,2,2,2,4,5,4,5,1,3,FALSE,FALSE,"Olje og gass"
"61",56,1,1,3,"29",2,2,2,2,3,2,4,3,3,2,2,1,2,1,1,TRUE,FALSE,"Forskning og undervisning"
"62",27,1,2,3,"9",2,3,3,3,4,3,4,5,3,3,3,3,3,3,3,FALSE,FALSE,"Helse og omsorg"
"64",24,1,1,3,"1",5,6,6,5,5,6,6,6,5,5,2,1,1,1,1,TRUE,FALSE,"Helse og omsorg"
"65",34,1,2,3,"16",4,5,3,4,7,7,7,7,7,7,2,1,1,1,1,FALSE,FALSE,"Helse og omsorg"
"66",43,1,2,3,"19",4,3,2,4,4,1,1,1,1,1,2,2,2,1,1,FALSE,FALSE,"Helse og omsorg"
"67",26,1,2,3,"3",1,2,3,3,4,1,1,2,2,2,1,1,1,1,1,FALSE,FALSE,"Helse og omsorg"
"68",49,1,3,4,"19",4,4,4,6,6,2,2,3,2,3,5,3,2,2,2,FALSE,FALSE,"Helse og omsorg"
"69",24,1,1,3,"1",2,2,2,2,2,2,2,2,2,2,2,1,1,1,1,TRUE,FALSE,"annet"
"70",54,1,2,4,"30",4,4,4,6,4,4,4,4,4,4,1,1,1,1,1,FALSE,FALSE,"Forskning og undervisning"
"72",33,1,2,3,"4",5,6,6,7,7,1,1,1,1,1,5,1,1,1,1,FALSE,FALSE,"Helse og omsorg"
"77",33,1,2,4,"11",1,1,1,1,1,1,1,1,1,1,1,1,1,1,1,FALSE,FALSE,"Helse og omsorg"
"82",31,2,2,2,"10",1,1,1,1,1,1,1,2,2,2,1,1,1,1,1,FALSE,FALSE,"IT"
"83",35,1,2,2,"19",6,6,5,7,4,6,1,5,4,4,3,1,1,1,1,FALSE,FALSE,"Helse og omsorg"
"86",42,1,1,2,"22",1,1,1,1,1,1,1,1,1,1,1,1,1,1,1,TRUE,FALSE,"Olje og gass"
"88",58,1,2,3,"33",2,2,2,2,2,2,2,2,2,2,2,2,2,2,2,FALSE,FALSE,"Offentlig administrasjon"
"95",43,1,2,3,"22",1,2,2,2,2,1,1,1,1,1,1,1,1,2,1,FALSE,FALSE,"Helse og omsorg"
"97",61,2,3,2,"46",1,1,4,5,5,1,1,1,1,1,4,5,5,1,5,FALSE,FALSE,"Helse og omsorg"
"101",28,3,6,4,"5",1,1,1,1,1,1,1,1,1,1,1,1,1,1,1,TRUE,TRUE,"annet"
"103",24,1,2,3,"2",2,2,2,2,2,4,2,3,2,2,4,6,5,6,4,FALSE,FALSE,"Helse og omsorg"
"104",34,2,1,2,"13",2,2,2,4,2,1,1,1,1,1,1,1,1,1,1,TRUE,TRUE,"Varehandel"
"105",38,1,5,2,"20",1,1,1,1,1,1,1,1,1,1,1,1,1,1,1,TRUE,FALSE,"Helse og omsorg"
"106",38,1,3,2,"17",2,4,5,6,4,6,4,6,6,6,6,2,5,2,2,FALSE,FALSE,"Helse og omsorg"
"107",34,1,3,3,"6",2,2,2,5,4,6,6,6,5,5,1,1,1,1,1,FALSE,TRUE,"Olje og gass"
"108",43,2,1,2,"10",1,5,2,2,2,4,2,2,5,5,2,2,2,1,2,TRUE,FALSE,"IT"
"109",45,2,5,2,"25",5,6,6,5,4,2,2,5,2,2,2,5,3,5,3,TRUE,FALSE,"annet"
"110",56,2,3,1,"40",4,6,6,6,6,3,3,3,3,3,1,1,1,1,1,FALSE,TRUE,"annet"
"111",39,2,3,4,"17",1,1,1,1,2,2,3,3,3,3,1,1,1,1,1,FALSE,TRUE,"IT"
"112",50,2,2,3,"20",1,1,1,1,1,1,1,1,1,1,1,1,1,1,1,FALSE,FALSE,"Helse og omsorg"
"113",49,2,1,4,"23",7,6,6,5,7,5,5,5,4,5,2,4,4,4,5,TRUE,TRUE,"Helse og omsorg"
"117",53,2,3,4,"30",1,1,1,3,5,3,1,3,1,2,1,1,1,1,1,FALSE,TRUE,"IT"
"118",36,1,1,3,"8",1,1,1,1,1,1,1,1,1,1,4,1,4,1,1,TRUE,FALSE,"Helse og omsorg"
"120",52,1,5,3,"12",6,6,5,7,5,5,6,6,7,7,3,2,5,1,1,TRUE,FALSE,"Helse og omsorg"
"121",64,2,1,3,"48",5,5,1,1,1,1,1,1,1,1,1,1,1,1,1,TRUE,TRUE,"Offentlig administrasjon"
"122",46,1,6,3,"27",5,5,6,6,5,3,5,5,5,1,1,1,1,1,1,TRUE,FALSE,"Helse og omsorg"
"123",35,1,1,3,"7",2,3,2,6,5,2,2,5,2,6,1,1,1,1,1,TRUE,FALSE,"Forskning og undervisning"
"124",45,1,2,3,"9",3,5,2,5,3,4,4,4,3,4,7,6,7,6,6,FALSE,FALSE,"annet"
"128",28,1,2,3,"8",1,1,1,1,1,1,1,1,1,1,1,1,1,1,1,FALSE,FALSE,"annet"
"129",29,2,1,4,"3",2,2,1,5,5,1,5,5,5,5,1,1,1,1,1,TRUE,FALSE,"annet"
"130",48,1,5,3,"28",5,5,6,7,7,7,7,7,7,7,4,2,2,1,2,TRUE,FALSE,"Helse og omsorg"
"131",56,1,3,4,"30",2,3,3,5,6,1,1,1,1,1,1,1,1,1,1,FALSE,FALSE,"Offentlig administrasjon"
"132",39,1,2,2,"16",5,5,4,7,7,3,3,3,3,3,2,2,2,1,1,FALSE,FALSE,"Helse og omsorg"
"137",36,1,3,3,"13",2,2,2,2,2,2,2,2,2,2,2,2,2,2,2,FALSE,TRUE,"Finans og forsikring"
"139",30,1,2,3,"12",2,2,3,6,7,3,3,3,2,5,4,4,3,3,2,FALSE,FALSE,"annet"
"141",41,1,1,4,"17",2,2,1,4,3,2,3,2,2,2,1,2,2,2,2,TRUE,FALSE,"Offentlig administrasjon"
"144",29,1,2,4,"6",4,2,3,6,5,7,6,6,4,4,3,2,2,3,3,FALSE,FALSE,"Varehandel"
"145",56,1,3,3,"25",1,1,3,5,3,2,2,2,2,2,2,2,2,2,2,FALSE,FALSE,"Helse og omsorg"
"147",57,1,3,4,"35",1,1,1,1,1,1,1,1,1,1,1,1,1,1,1,FALSE,FALSE,"Finans og forsikring"
"149",38,1,3,3,"20",5,5,5,3,4,4,2,2,3,3,1,1,1,1,1,FALSE,FALSE,"Helse og omsorg"
"152",51,2,3,1,"30",3,2,2,5,3,2,2,2,2,2,1,2,1,2,1,FALSE,FALSE,"Helse og omsorg"
"153",44,1,1,2,"23",4,3,3,4,4,1,1,1,1,2,2,1,1,1,1,TRUE,FALSE,"Helse og omsorg"
"157",33,1,2,4,"10",2,3,3,3,2,1,1,1,1,1,1,1,1,1,1,FALSE,TRUE,"Helse og omsorg"
"159",41,1,3,4,"18",1,1,1,2,2,1,1,1,1,1,1,1,1,1,1,FALSE,FALSE,"Helse og omsorg"
"160",23,1,1,2,"7",2,2,2,4,2,3,3,3,3,3,2,1,2,2,2,TRUE,FALSE,"Helse og omsorg"
"162",42,1,1,4,"16",5,5,3,5,2,3,3,2,2,2,3,4,4,3,5,TRUE,FALSE,"Helse og omsorg"
"163",34,1,2,2,"16",1,1,1,1,1,3,3,3,3,3,1,1,1,1,1,FALSE,FALSE,"Bygg og anlegg"
"164",40,1,2,3,"20",2,3,2,4,1,4,5,5,4,5,1,1,1,1,1,FALSE,FALSE,"Helse og omsorg"
"167",33,1,1,2,"12",6,7,7,7,7,5,5,6,6,5,4,2,2,1,2,TRUE,FALSE,"Helse og omsorg"
"174",31,1,2,3,"10",3,4,3,3,3,3,3,2,2,2,2,2,2,2,2,FALSE,FALSE,"Helse og omsorg"
"178",38,2,1,4,"10",1,2,1,1,4,2,2,2,1,2,1,1,1,1,1,TRUE,TRUE,"Helse og omsorg"
"179",41,1,3,4,"20",1,1,5,5,5,2,7,7,5,5,1,1,1,1,1,FALSE,FALSE,"Forskning og undervisning"
"180",34,1,5,3,"10",5,6,5,6,6,4,4,4,4,4,6,2,4,2,2,TRUE,FALSE,"Helse og omsorg"
"182",1974,1,3,4,"20",5,6,4,5,6,7,4,2,4,3,2,1,2,1,2,FALSE,FALSE,"Helse og omsorg"
"183",49,1,3,2,"16",4,4,5,7,5,7,7,7,7,6,5,2,4,3,2,FALSE,FALSE,"Helse og omsorg"
"186",65,2,3,4,"40",1,1,2,4,5,1,3,3,1,2,1,1,1,1,1,FALSE,TRUE,"Olje og gass"
"187",42,2,3,2,"20",3,3,2,2,3,3,3,3,4,4,1,1,4,1,1,FALSE,FALSE,"Bygg og anlegg"
"188",35,1,2,3,"17",6,6,5,6,6,5,5,5,2,6,2,2,2,2,2,FALSE,FALSE,"Helse og omsorg"
"191",24,1,2,3,"4",3,3,2,4,2,1,1,2,2,2,1,1,1,2,1,FALSE,FALSE,"annet"
"195",33,2,2,1,"8",1,1,1,1,1,1,1,1,1,1,1,1,1,1,1,FALSE,FALSE,"Industri"
"196",33,2,1,3,"8",6,6,6,6,6,2,2,2,2,2,2,1,1,1,1,TRUE,FALSE,"Helse og omsorg"
"199",25,1,2,3,"7",3,5,6,7,7,6,7,5,2,5,1,2,2,3,2,FALSE,FALSE,"Helse og omsorg"
"205",56,1,1,2,"34",7,7,7,7,7,4,2,2,4,4,2,4,4,2,2,TRUE,FALSE,"Helse og omsorg"
"209",56,1,3,3,"34",4,4,4,5,4,4,2,2,2,2,3,3,4,3,3,FALSE,FALSE,"Helse og omsorg"
"210",50,1,2,3,"37",3,3,2,3,3,3,1,2,1,2,3,3,2,1,2,FALSE,TRUE,"annet"
"212",33,1,2,3,"9",5,4,5,5,3,3,2,4,2,3,1,1,1,1,1,FALSE,FALSE,"Helse og omsorg"
"214",32,1,2,4,"14",2,4,3,6,6,3,3,3,4,3,1,2,4,1,1,FALSE,FALSE,"Finans og forsikring"
"215",46,2,3,2,"25",1,1,1,1,1,3,3,3,2,2,1,1,1,1,1,FALSE,FALSE,"Olje og gass"
"220",36,1,1,3,"14",4,5,5,5,7,1,1,1,1,3,2,5,5,2,2,TRUE,TRUE,"Helse og omsorg"
"222",46,1,3,4,"23",2,2,2,2,2,3,3,5,5,6,1,1,1,1,1,FALSE,FALSE,"Offentlig administrasjon"
"223",23,2,1,3,"5",5,5,5,6,6,4,3,4,4,4,3,1,1,1,1,TRUE,FALSE,"Helse og omsorg"
"224",35,1,3,2,"16",4,5,2,4,3,2,2,2,2,2,1,1,1,1,1,FALSE,FALSE,"Helse og omsorg"
"225",21,2,1,2,"2",1,1,1,1,1,1,1,1,1,1,1,1,1,1,1,TRUE,FALSE,"IT"
"226",53,2,3,4,"25",1,4,5,6,7,1,1,1,1,1,1,1,1,1,1,FALSE,TRUE,"Helse og omsorg"
"228",60,2,3,2,"40",2,2,2,3,3,2,4,4,4,4,2,2,2,2,2,FALSE,TRUE,"Olje og gass"
"232",49,1,5,4,"20",5,5,2,2,2,2,2,2,2,2,2,2,2,2,2,TRUE,FALSE,"Forskning og undervisning"
"233",54,1,5,2,"34",5,2,2,3,3,2,2,3,2,3,3,4,3,3,3,TRUE,FALSE,"Offentlig administrasjon"
"234",61,1,3,2,"47",5,5,3,6,6,5,2,5,3,2,3,3,2,2,1,FALSE,FALSE,"Helse og omsorg"
"235",51,2,3,4,"35",1,4,2,2,2,2,2,2,2,2,1,2,2,2,2,FALSE,TRUE,"annet"
"237",53,1,3,3,"27",2,3,2,7,4,1,1,1,1,1,1,1,1,1,1,FALSE,FALSE,"Helse og omsorg"
"238",28,2,2,3,"5",4,4,4,5,4,3,3,4,3,4,2,2,2,1,1,FALSE,FALSE,"Helse og omsorg"
"239",43,1,2,3,"21",2,1,2,3,2,4,4,4,2,2,1,1,1,1,1,FALSE,FALSE,"Helse og omsorg"
"241",44,1,3,3,"20",1,1,2,4,1,1,1,1,1,1,1,1,1,1,1,FALSE,FALSE,"Helse og omsorg"
"243",27,1,1,4,"2",1,1,2,3,3,2,1,2,2,2,1,1,2,1,2,TRUE,FALSE,"Forskning og undervisning"
"245",57,1,3,4,"22",5,6,6,4,7,6,5,5,4,5,1,1,2,1,1,FALSE,FALSE,"Forskning og undervisning"
"248",42,1,2,3,"1",5,6,5,5,5,2,2,2,2,2,2,2,2,1,2,FALSE,FALSE,"Helse og omsorg"
"249",43,1,5,3,"16",7,7,7,7,7,3,2,2,2,2,6,2,2,1,1,TRUE,FALSE,"Helse og omsorg"
"250",28,1,2,2,"10",2,2,2,3,4,1,5,5,5,5,2,1,1,2,1,FALSE,TRUE,"IT"
"251",38,1,1,4,"15",5,4,3,6,6,1,1,1,1,1,1,1,1,1,1,TRUE,FALSE,"annet"
"253",36,1,3,3,"1",6,6,7,7,7,6,5,6,6,6,4,2,4,1,1,FALSE,FALSE,"Helse og omsorg"
"256",42,1,2,4,"15",1,1,1,1,1,1,1,1,1,1,1,1,1,1,1,FALSE,TRUE,"annet"
"258",38,1,2,4,"15",5,5,4,6,6,7,6,6,7,7,3,1,1,1,1,FALSE,TRUE,"Helse og omsorg"
"262",44,1,1,4,"25",1,1,1,1,1,1,1,1,1,1,1,1,1,1,1,TRUE,FALSE,"Helse og omsorg"
"263",20,1,1,2,"2",5,7,5,7,7,1,4,4,1,1,7,2,1,1,3,TRUE,FALSE,"Helse og omsorg"
"267",24,2,1,3,"4",3,3,2,4,4,1,2,1,1,1,1,1,1,1,1,TRUE,FALSE,"Helse og omsorg"
"269",43,1,6,3,"18",5,5,6,7,7,1,1,1,1,1,1,1,1,1,1,TRUE,FALSE,"Helse og omsorg"
"272",51,2,5,2,"33",1,1,1,4,3,4,2,4,3,3,1,1,1,1,1,TRUE,TRUE,"annet"
"273",48,1,1,3,"22",5,1,2,2,2,1,1,1,1,1,1,1,1,1,1,TRUE,FALSE,"Helse og omsorg"
"275",43,1,3,4,"30",1,1,1,2,2,6,6,6,6,7,1,1,2,1,1,FALSE,FALSE,"annet"
"278",37,1,3,3,"12",3,2,2,3,2,4,5,5,5,5,1,1,1,1,1,FALSE,FALSE,"IT"
"280",50,2,3,2,"33",3,6,4,5,4,4,4,5,5,5,2,2,3,2,2,FALSE,TRUE,"Bygg og anlegg"
"281",56,2,1,2,"37",1,1,1,1,1,1,1,1,1,1,2,2,2,4,3,TRUE,TRUE,"annet"
"284",35,1,2,3,"9",6,6,5,6,5,2,1,1,1,1,2,1,1,1,1,FALSE,FALSE,"Helse og omsorg"
"288",34,1,2,2,"13",5,5,6,7,7,4,4,6,4,4,2,2,3,1,1,FALSE,FALSE,"Helse og omsorg"
"292",54,1,3,2,"32",7,7,7,7,6,4,1,1,1,4,1,2,2,1,1,FALSE,FALSE,"Offentlig administrasjon"
"293",43,1,4,3,"24",4,2,2,2,1,1,1,1,1,1,1,1,1,1,1,TRUE,FALSE,"Faglige tjenester"
"297",36,1,3,3,"20",5,7,6,7,6,6,5,4,5,5,2,1,1,1,1,FALSE,FALSE,"Helse og omsorg"
"298",45,1,3,4,"30",1,1,1,1,1,1,4,4,2,4,1,1,1,1,1,FALSE,FALSE,"annet"
"302",58,1,3,4,"34",4,4,4,5,6,6,6,6,4,4,2,2,2,2,2,FALSE,FALSE,"Forskning og undervisning"
"304",38,1,2,4,"15",5,5,5,6,6,3,2,6,3,6,2,2,2,1,1,FALSE,FALSE,"Helse og omsorg"
"305",44,1,3,3,"22",3,3,3,3,3,3,2,3,2,3,3,4,3,3,3,FALSE,FALSE,"Helse og omsorg"
"308",52,1,1,4,"20",5,4,2,5,2,2,6,6,5,6,2,2,2,2,2,TRUE,TRUE,"Helse og omsorg"
"309",53,1,1,2,"25",4,5,5,6,5,6,6,6,6,5,4,5,4,3,3,TRUE,FALSE,"Helse og omsorg"
"311",39,1,3,4,"15",3,1,2,5,5,5,4,4,2,3,2,2,2,2,2,FALSE,FALSE,"Forskning og undervisning"
"312",44,1,3,3,"22",2,3,2,5,5,5,2,2,2,2,5,5,5,5,5,FALSE,FALSE,"Helse og omsorg"
"313",33,1,3,3,"10",4,4,5,6,6,3,1,1,1,1,4,1,2,1,1,FALSE,FALSE,"Helse og omsorg"
"314",33,2,3,4,"9,5",2,2,2,4,3,2,1,1,3,2,3,3,2,4,3,FALSE,FALSE,"Offentlig administrasjon"
"316",31,1,2,2,"10",5,5,5,4,4,2,2,2,2,2,2,2,2,2,2,FALSE,FALSE,"Helse og omsorg"
"317",52,2,5,2,"32",3,4,5,5,5,3,3,3,3,3,3,3,2,2,2,TRUE,FALSE,"annet"
"318",47,1,2,2,"29",2,2,2,3,3,1,1,1,1,1,1,2,3,2,2,FALSE,FALSE,"Bygg og anlegg"
"320",26,1,2,4,"3",5,6,4,7,6,3,4,5,5,5,2,2,2,2,2,FALSE,FALSE,"Finans og forsikring"
"321",25,1,2,3,"8",2,2,2,2,2,1,1,1,1,2,1,1,2,1,1,FALSE,FALSE,"Helse og omsorg"
"324",50,1,5,3,"33",4,2,4,5,2,4,2,2,2,2,1,1,1,1,1,TRUE,FALSE,"Helse og omsorg"
"325",37,1,3,3,"12",3,7,5,7,6,6,6,5,3,3,3,4,5,1,3,FALSE,FALSE,"Helse og omsorg"
"326",31,1,3,2,"12",4,2,5,6,5,4,1,4,3,2,2,2,3,1,3,FALSE,FALSE,"Helse og omsorg"
"327",36,1,4,3,"17",1,1,1,1,1,1,1,1,1,1,1,1,1,1,1,TRUE,FALSE,"Helse og omsorg"
"329",44,1,3,3,"22",6,6,7,6,6,4,4,4,5,5,6,3,6,3,7,FALSE,FALSE,"Helse og omsorg"
"330",55,1,3,3,"30",5,6,6,6,6,7,6,6,6,6,4,5,5,5,3,FALSE,FALSE,"Helse og omsorg"
"331",36,1,2,2,"18",1,1,1,1,1,4,6,6,6,6,7,7,7,6,7,FALSE,FALSE,"Finans og forsikring"
"332",33,1,3,2,"15",7,7,7,7,7,3,2,2,2,2,3,5,5,3,3,FALSE,FALSE,"Helse og omsorg"
"334",38,1,2,2,"20",2,2,3,1,1,1,1,1,1,1,1,1,1,1,1,FALSE,FALSE,"IT"
"336",39,1,1,4,"10",3,3,2,5,4,2,2,2,2,2,2,1,1,1,1,TRUE,FALSE,"Helse og omsorg"
"337",20,1,1,3,"3",5,4,5,6,5,7,3,6,5,4,1,2,2,1,2,TRUE,FALSE,"Helse og omsorg"
"338",42,2,1,3,"19",6,6,4,7,7,1,1,6,5,1,2,2,2,2,2,TRUE,FALSE,"annet"
"340",47,1,5,3,"30",2,2,2,5,5,2,2,2,2,2,3,5,5,5,4,TRUE,FALSE,"Faglige tjenester"
"341",46,1,5,2,"20",3,4,5,6,6,2,2,2,2,2,3,1,1,1,1,TRUE,FALSE,"Helse og omsorg"
"342",35,1,1,3,"15",4,4,3,4,2,2,2,4,2,2,2,2,2,2,2,TRUE,FALSE,"Helse og omsorg"
"344",42,1,3,3,"15",5,6,5,2,2,7,6,6,6,6,5,2,2,2,2,FALSE,TRUE,"Olje og gass"
"346",51,1,2,3,"35",2,1,2,2,2,3,4,4,2,2,1,2,2,2,2,FALSE,FALSE,"annet"
"347",48,1,3,4,"20",2,2,2,6,5,4,2,2,2,2,1,1,2,1,1,FALSE,FALSE,"Helse og omsorg"
"348",55,1,2,2,"37",5,5,6,6,6,4,5,4,4,4,4,6,6,4,5,FALSE,FALSE,"Helse og omsorg"
"349",62,1,4,2,"42",1,6,6,6,6,4,3,3,4,4,5,4,1,1,1,TRUE,FALSE,"Helse og omsorg"
"350",31,2,1,2,"12",1,1,1,2,1,3,2,4,3,2,1,1,1,1,1,TRUE,FALSE,"IT"
"351",26,1,2,2,"6",4,5,6,4,7,1,1,3,1,1,4,2,1,3,1,FALSE,FALSE,"Helse og omsorg"
"353",24,1,1,3,"4,5",3,3,4,5,4,4,3,4,4,4,5,3,4,1,2,TRUE,FALSE,"Helse og omsorg"
"354",44,1,3,4,"22",1,5,2,7,5,5,6,7,7,7,1,1,1,1,1,FALSE,TRUE,"Helse og omsorg"
"355",40,1,1,4,"17",4,4,4,5,6,5,5,5,5,5,2,1,1,1,1,TRUE,FALSE,"Forskning og undervisning"
"357",42,1,3,2,"20",7,7,7,7,7,7,7,7,7,7,7,7,7,7,7,FALSE,FALSE,"Helse og omsorg"
"359",60,1,3,3,"35",5,6,5,6,6,1,1,1,1,1,1,1,1,1,1,FALSE,FALSE,"Helse og omsorg"
"360",42,1,3,3,"15",4,4,4,5,5,4,4,5,4,4,5,2,4,3,3,FALSE,FALSE,"Helse og omsorg"
"362",34,1,2,2,"7",5,5,5,6,5,2,5,4,2,2,2,5,3,1,1,FALSE,FALSE,"Helse og omsorg"
"363",41,1,3,3,"8",5,6,4,2,6,4,2,4,4,5,3,2,2,4,2,FALSE,FALSE,"Helse og omsorg"
"366",42,1,2,3,"21",5,5,4,5,4,1,1,1,1,1,1,1,1,1,1,FALSE,FALSE,"Helse og omsorg"
"367",33,1,3,4,"12",4,3,5,6,6,7,6,7,7,5,1,1,2,1,1,FALSE,FALSE,"Helse og omsorg"
"372",57,1,3,4,"22",1,1,2,5,4,4,4,5,5,5,1,1,1,1,1,FALSE,FALSE,"Forskning og undervisning"
"373",34,1,2,3,"15",2,5,4,6,4,3,1,2,1,1,1,1,1,1,1,FALSE,FALSE,"Helse og omsorg"
"374",31,1,2,4,"10",4,7,7,7,7,1,1,1,1,1,3,3,1,1,1,FALSE,FALSE,"Helse og omsorg"
"377",42,1,2,3,"23",5,5,3,5,5,2,2,2,1,1,1,1,1,1,1,FALSE,FALSE,"Helse og omsorg"
"378",39,1,2,2,"22",3,4,2,6,3,1,5,5,3,3,1,1,1,1,1,FALSE,TRUE,"Varehandel"
"382",44,1,2,3,"20",5,5,5,7,6,5,2,5,5,5,4,2,2,2,2,FALSE,FALSE,"Helse og omsorg"
"383",36,1,2,3,"20",7,7,4,4,7,5,5,5,5,5,1,1,1,1,1,FALSE,FALSE,"Helse og omsorg"
"384",24,1,1,3,"2",2,2,3,2,1,1,2,4,3,4,2,2,2,2,2,TRUE,FALSE,"IT"
"385",54,1,1,2,"33",1,2,1,4,4,5,5,5,4,4,1,2,2,2,2,TRUE,FALSE,"Helse og omsorg"
"387",47,1,2,2,"30",2,2,1,2,2,1,1,2,2,1,2,2,2,1,1,FALSE,FALSE,"IT"
"388",36,1,2,3,"20",7,1,4,4,1,1,2,2,1,4,1,1,1,1,1,FALSE,FALSE,"Varehandel"
"390",49,1,2,3,"30",2,2,2,5,5,6,5,7,6,5,1,1,7,1,1,FALSE,FALSE,"Helse og omsorg"
"392",30,2,1,2,"3",2,2,2,2,2,1,2,2,2,2,2,2,2,6,5,TRUE,FALSE,"Helse og omsorg"
"393",22,1,2,3,"2",4,5,2,5,4,2,1,1,2,2,4,3,4,3,3,FALSE,FALSE,"Helse og omsorg"
"395",36,1,2,4,"13",1,1,1,1,1,1,3,3,3,2,1,1,1,1,1,FALSE,FALSE,"Helse og omsorg"
"396",39,1,3,3,"15",4,7,6,6,3,4,6,6,4,4,4,2,3,4,4,FALSE,FALSE,"Helse og omsorg"
"397",62,1,5,2,"46",1,1,1,1,1,1,1,1,1,1,1,1,1,1,1,TRUE,TRUE,"Faglige tjenester"
"403",35,2,3,4,"",5,5,5,6,7,2,1,1,2,1,1,2,2,1,2,FALSE,FALSE,"Helse og omsorg"
"409",53,1,5,2,"30",2,2,2,4,5,2,6,6,4,2,2,1,1,1,1,TRUE,FALSE,"Varehandel"
"411",55,1,3,4,"28",3,2,3,5,5,3,5,5,3,5,2,1,1,1,1,FALSE,FALSE,"Forskning og undervisning"
"414",23,1,1,3,"2",2,4,2,3,3,2,2,2,2,2,2,2,2,2,2,TRUE,FALSE,"Helse og omsorg"
"416",38,1,2,4,"13",1,1,1,1,1,1,1,1,1,1,1,1,1,1,1,FALSE,FALSE,"Helse og omsorg"
"421",29,1,1,3,"10",1,1,1,2,2,2,2,3,2,2,1,1,1,1,1,TRUE,FALSE,"annet"
"427",58,1,5,2,"42",3,4,4,6,5,2,1,1,2,2,2,1,2,1,1,TRUE,FALSE,"Helse og omsorg"
"428",35,1,1,4,"10",3,2,2,2,2,5,3,4,2,2,2,1,1,1,1,TRUE,FALSE,"Helse og omsorg"
"431",58,1,5,2,"35",3,2,3,4,3,3,1,1,1,1,2,2,2,2,2,TRUE,FALSE,"Bygg og anlegg"
"432",31,1,2,2,"12",4,5,4,2,2,2,2,2,3,3,4,2,3,2,2,FALSE,FALSE,"Helse og omsorg"
"438",41,1,3,4,"15",2,2,3,4,4,5,5,5,6,6,6,3,3,2,2,FALSE,TRUE,"Helse og omsorg"
"439",52,1,3,3,"27",1,4,4,7,5,1,1,1,1,3,1,1,1,1,1,FALSE,FALSE,"Helse og omsorg"
"443",58,1,2,2,"30",2,1,1,2,1,1,4,4,5,5,1,1,1,1,1,FALSE,FALSE,"Helse og omsorg"
"445",49,2,1,2,"35",1,1,2,3,3,2,1,2,2,2,2,3,2,1,3,TRUE,TRUE,"Olje og gass"
"446",50,2,5,4,"22",4,4,3,1,5,5,6,5,6,5,1,1,1,1,1,TRUE,TRUE,"Forskning og undervisning"
"447",54,1,1,2,"42",3,5,1,4,5,6,1,5,2,5,1,1,1,1,1,TRUE,TRUE,"annet"
"448",50,1,2,3,"27",5,2,6,6,4,6,6,6,4,4,7,1,2,1,7,FALSE,FALSE,"Helse og omsorg"
"450",55,1,3,4,"40",4,6,6,7,7,7,7,7,7,7,7,1,1,1,1,FALSE,FALSE,"Helse og omsorg"
"451",56,1,3,4,"34",1,1,1,1,7,7,7,7,7,7,1,1,1,1,1,FALSE,TRUE,"annet"
"453",50,1,5,3,"28",1,1,1,1,2,1,3,3,3,3,1,1,1,1,1,TRUE,FALSE,"Offentlig administrasjon"
"456",61,1,3,4,"36",4,4,3,5,2,5,5,6,5,5,2,2,2,2,2,FALSE,FALSE,"Forskning og undervisning"
"457",40,1,2,4,"22",6,6,6,6,7,7,6,6,5,6,2,2,2,2,2,FALSE,TRUE,"Helse og omsorg"
"458",33,1,1,2,"13",2,7,2,4,5,3,3,3,3,3,3,2,3,1,1,TRUE,FALSE,"Helse og omsorg"
"459",39,1,3,3,"16",1,2,1,1,1,4,5,4,4,3,2,2,2,1,1,FALSE,TRUE,"Helse og omsorg"
"460",32,1,3,3,"15",5,6,5,5,5,5,5,5,5,5,2,2,2,2,2,FALSE,FALSE,"Helse og omsorg"
"466",30,2,1,2,"12",3,3,3,3,2,1,1,1,1,1,1,1,1,1,1,TRUE,TRUE,"Olje og gass"
"468",46,1,3,4,"23",2,2,2,3,2,4,5,6,6,5,1,1,1,1,1,FALSE,FALSE,"Offentlig administrasjon"
"471",63,2,3,4,"",2,3,4,5,7,2,2,2,2,2,2,2,2,2,2,FALSE,TRUE,"Olje og gass"
"477",50,1,3,2,"36",5,5,5,6,7,5,5,5,5,5,3,5,5,5,3,FALSE,FALSE,"Helse og omsorg"
"478",34,1,2,2,"20",4,3,2,7,6,1,1,1,1,1,1,1,1,1,1,FALSE,FALSE,"Helse og omsorg"
"481",48,2,3,4,"20",6,6,4,2,2,1,1,1,1,1,1,1,1,1,1,FALSE,FALSE,"Helse og omsorg"
"482",50,1,3,3,"30",5,5,5,6,6,2,2,2,2,2,3,3,2,1,2,FALSE,FALSE,"Helse og omsorg"
"483",33,2,3,2,"11",4,3,2,1,1,1,1,1,1,1,1,1,1,1,1,FALSE,FALSE,"Bygg og anlegg"
"485",33,1,1,3,"16",2,2,1,4,2,2,5,5,5,5,1,1,1,1,1,TRUE,FALSE,"Forskning og undervisning"
"493",32,1,1,3,"14",6,4,6,6,6,2,2,2,2,2,1,1,1,1,1,TRUE,FALSE,"Helse og omsorg"
"494",39,1,1,2,"21",4,3,3,2,2,2,4,4,4,4,2,2,2,1,1,TRUE,FALSE,"Helse og omsorg"
"502",43,2,3,3,"8",3,3,3,3,3,2,1,2,2,2,3,6,6,5,5,FALSE,TRUE,"annet"
"503",32,1,3,3,"14",4,5,6,6,7,5,4,5,5,3,3,2,2,2,2,FALSE,FALSE,"Helse og omsorg"
"506",52,2,3,4,"20",5,5,6,6,6,7,7,7,7,7,1,1,1,1,1,FALSE,FALSE,"Helse og omsorg"
"507",34,1,1,4,"16",4,5,5,7,4,4,1,4,1,4,1,1,1,1,1,TRUE,FALSE,"Helse og omsorg"
"508",33,2,2,2,"15",4,5,4,6,6,4,2,2,3,2,2,2,2,2,2,FALSE,TRUE,"Industri"
"510",23,2,1,2,"5",1,1,1,2,1,1,1,1,1,1,1,1,1,1,1,TRUE,FALSE,"Bygg og anlegg"
"515",39,2,1,3,"15",5,7,6,7,7,3,2,2,2,2,3,1,1,1,2,TRUE,FALSE,"Helse og omsorg"
"516",51,1,3,4,"30",1,1,1,1,1,3,2,3,1,2,3,1,1,1,1,FALSE,FALSE,"annet"
"520",33,1,2,3,"10",5,5,5,7,6,5,5,5,5,5,5,1,1,1,1,FALSE,FALSE,"Helse og omsorg"
"521",55,1,1,2,"38",4,4,5,6,4,2,1,1,1,1,1,1,1,1,1,TRUE,FALSE,"Helse og omsorg"
"522",54,1,5,3,"30",1,1,1,1,1,2,2,2,2,2,1,1,1,1,1,TRUE,FALSE,"IT"
"530",63,2,3,4,"40",2,3,2,4,4,4,6,6,5,6,1,1,2,1,1,FALSE,TRUE,"Olje og gass"
"533",32,1,2,2,"14",3,2,4,6,4,1,1,4,2,4,2,4,1,5,1,FALSE,FALSE,"Helse og omsorg"
"534",40,1,3,3,"10",2,2,2,2,1,1,1,1,1,1,1,1,1,1,1,FALSE,FALSE,"Helse og omsorg"
"537",49,1,2,2,"26",2,4,3,2,3,5,1,1,1,3,1,2,2,1,1,FALSE,FALSE,"Helse og omsorg"
"540",30,2,1,3,"13",3,7,4,4,4,1,1,1,1,1,1,1,1,1,1,TRUE,FALSE,"Helse og omsorg"
"542",50,2,1,2,"30",4,5,4,4,4,4,4,4,4,4,4,4,4,1,1,TRUE,FALSE,"Helse og omsorg"
"544",36,1,1,4,"13",6,7,5,7,7,4,1,2,1,1,5,1,5,1,1,TRUE,FALSE,"Helse og omsorg"
"545",82,1,6,4,"44",6,6,7,7,7,7,7,7,7,7,6,7,7,7,7,TRUE,FALSE,"Helse og omsorg"
"548",30,1,2,4,"6",1,1,2,1,1,1,1,2,2,2,1,1,1,1,1,FALSE,FALSE,"Varehandel"
"549",56,1,2,3,"16",6,6,6,6,6,2,2,4,2,3,3,2,2,2,2,FALSE,FALSE,"Helse og omsorg"
"551",45,1,1,2,"27",4,2,4,7,6,3,1,1,1,1,1,1,1,1,1,TRUE,FALSE,"Helse og omsorg"
"552",42,2,3,4,"15",7,7,7,7,7,7,7,7,7,7,3,3,3,2,2,FALSE,FALSE,"Helse og omsorg"
"559",58,2,3,4,"25",3,2,2,3,4,2,1,1,1,1,1,1,1,1,1,FALSE,FALSE,"Helse og omsorg"
"561",46,1,3,3,"24",4,4,2,5,5,5,6,6,5,6,1,1,1,1,1,FALSE,FALSE,"Forskning og undervisning"
"563",35,2,2,2,"17",4,4,6,6,3,1,2,2,1,2,3,5,6,4,4,FALSE,FALSE,"Helse og omsorg"
"564",43,1,3,4,"15",1,1,2,1,1,1,1,1,2,2,1,1,1,1,1,FALSE,FALSE,"annet"
"568",26,2,2,2,"9",3,5,5,4,2,5,6,5,4,5,1,1,1,1,1,FALSE,FALSE,"Bygg og anlegg"
"570",41,2,3,4,"",2,1,4,6,6,2,2,2,2,4,2,2,2,2,4,FALSE,FALSE,"Olje og gass"
"571",42,1,5,2,"20",1,1,1,1,1,1,1,1,1,1,1,1,1,1,1,TRUE,FALSE,"Varehandel"
"574",67,2,3,4,"45",1,1,1,1,1,1,1,1,1,1,1,1,1,1,1,FALSE,FALSE,"Offentlig administrasjon"
"575",53,1,5,2,"35",4,4,3,4,3,1,1,1,1,1,1,1,1,1,1,TRUE,FALSE,"Helse og omsorg"
"577",39,1,2,2,"18",5,7,5,7,7,1,1,1,1,1,1,1,1,1,1,FALSE,FALSE,"Helse og omsorg"
"582",30,1,2,2,"10",6,5,7,6,7,5,5,4,4,4,7,2,2,2,2,FALSE,FALSE,"Helse og omsorg"
"584",33,1,2,3,"10",5,3,6,6,6,2,1,1,1,1,2,1,2,1,1,FALSE,FALSE,"Helse og omsorg"
"585",41,1,1,2,"20",3,3,3,5,4,2,2,2,2,2,1,1,1,1,1,TRUE,FALSE,"Helse og omsorg"
"587",33,2,3,4,"8",4,4,3,5,4,5,4,5,5,5,1,1,1,1,1,FALSE,FALSE,"Forskning og undervisning"
"588",31,1,2,2,"12",4,6,3,7,5,5,6,7,5,6,2,1,3,1,1,FALSE,FALSE,"Helse og omsorg"
"593",58,1,2,2,"35",1,1,1,2,1,1,1,1,1,1,1,1,1,1,1,FALSE,FALSE,"Helse og omsorg"
"594",46,1,3,4,"25",5,7,2,7,7,3,4,3,3,2,2,1,1,1,1,FALSE,FALSE,"Helse og omsorg"
"595",28,1,2,3,"1",1,2,3,3,2,1,1,1,1,1,1,1,2,1,1,FALSE,FALSE,"Helse og omsorg"
"599",58,1,2,3,"30",4,3,4,5,4,3,2,2,2,2,2,4,3,2,4,FALSE,FALSE,"Helse og omsorg"
"603",28,1,2,2,"10",4,3,3,6,5,1,1,1,1,1,1,2,3,2,1,FALSE,FALSE,"Helse og omsorg"
"605",45,1,2,2,"28",6,6,5,6,6,4,3,6,7,7,1,2,2,5,3,FALSE,FALSE,"Helse og omsorg"
"610",54,2,2,2,"35",5,5,5,6,6,5,2,2,2,2,2,1,1,1,1,FALSE,TRUE,"Bygg og anlegg"
"611",58,2,1,4,"25",5,5,4,6,4,2,2,3,2,2,1,2,3,2,2,TRUE,FALSE,"Offentlig administrasjon"
"612",32,1,3,2,"12",6,7,3,7,6,4,3,5,2,2,4,4,4,5,5,FALSE,FALSE,"Helse og omsorg"
"613",29,1,1,3,"7",2,1,1,3,1,1,4,4,2,3,2,2,2,3,1,TRUE,FALSE,"annet"
"614",45,2,3,4,"24",4,5,3,6,6,2,5,5,2,4,1,1,1,1,1,FALSE,TRUE,"Offentlig administrasjon"
"615",49,1,1,3,"25",6,7,6,7,7,5,5,5,5,6,6,2,2,2,2,TRUE,FALSE,"Helse og omsorg"
"620",51,1,6,2,"31",3,5,6,6,6,5,5,5,5,5,1,1,1,1,1,TRUE,FALSE,"Helse og omsorg"
"622",32,1,3,3,"13",2,2,2,2,2,2,3,3,3,3,1,1,1,1,1,FALSE,TRUE,"Helse og omsorg"
"623",50,1,2,3,"30",2,2,2,5,4,1,1,2,1,1,1,2,4,4,2,FALSE,FALSE,"Helse og omsorg"
"624",49,1,3,4,"25",1,2,1,2,1,2,2,2,1,1,1,1,1,1,1,FALSE,FALSE,"Forskning og undervisning"
"625",40,1,3,3,"19",6,4,4,7,7,5,3,5,4,4,2,1,1,1,1,FALSE,FALSE,"Helse og omsorg"
"626",42,1,2,3,"24",6,7,5,6,6,5,3,3,3,3,4,1,1,1,1,FALSE,FALSE,"Helse og omsorg"
"627",56,1,2,3,"39",5,5,5,7,6,5,5,5,5,6,2,2,2,2,2,FALSE,FALSE,"Helse og omsorg"
"629",37,1,3,4,"6",2,2,2,5,4,2,3,3,2,2,1,1,1,1,1,FALSE,FALSE,"Forskning og undervisning"
"632",36,1,2,4,"20",1,1,1,1,1,5,5,5,5,5,1,1,1,1,1,FALSE,FALSE,"Helse og omsorg"
"634",38,2,2,4,"13",5,5,5,7,6,5,3,3,5,5,2,2,2,2,2,FALSE,FALSE,"Faglige tjenester"
"638",51,1,3,3,"26",2,7,2,5,7,1,1,1,1,1,1,1,1,1,1,FALSE,FALSE,"Helse og omsorg"
"641",35,1,2,2,"17",6,6,5,7,7,5,5,5,5,5,2,3,2,3,3,FALSE,FALSE,"Helse og omsorg"
"643",65,2,3,4,"35",6,6,5,5,6,4,4,3,3,3,5,3,3,2,4,FALSE,TRUE,"Varehandel"
"644",64,2,1,2,"45",2,2,5,6,5,4,2,4,3,2,1,1,1,1,1,TRUE,FALSE,"Helse og omsorg"
"645",51,1,3,3,"36",7,6,6,7,7,7,7,7,7,7,5,1,1,1,1,FALSE,TRUE,"Helse og omsorg"
"648",58,1,3,4,"34",2,2,2,5,4,5,5,5,4,4,1,1,1,1,1,FALSE,FALSE,"Forskning og undervisning"
"653",37,1,3,4,"9",2,4,2,5,5,1,2,2,1,1,5,1,1,1,1,FALSE,FALSE,"Helse og omsorg"
"654",65,1,2,2,"1995",6,7,7,7,7,7,4,4,4,4,4,4,4,6,6,FALSE,FALSE,"Helse og omsorg"
"656",44,1,3,2,"25",2,2,2,3,2,4,2,2,2,2,1,1,1,1,1,FALSE,FALSE,"Helse og omsorg"
"658",38,1,2,4,"20",2,4,1,1,2,1,1,1,1,1,1,1,1,2,1,FALSE,TRUE,"Helse og omsorg"
"661",38,1,2,2,"3",1,1,1,1,1,5,5,6,6,4,1,1,1,3,1,FALSE,FALSE,"IT"
"664",40,1,2,3,"23",2,2,2,2,2,2,2,2,2,2,2,2,2,1,1,FALSE,FALSE,"Helse og omsorg"
"670",41,1,3,2,"15",2,2,2,1,1,4,5,6,6,4,1,1,1,1,1,FALSE,TRUE,"Industri"
"674",43,1,2,2,"20",4,4,3,4,4,2,2,2,2,4,2,1,2,1,2,FALSE,TRUE,"Varehandel"
"676",33,1,1,3,"4",1,1,2,3,1,1,4,5,6,5,2,2,2,1,2,TRUE,FALSE,"annet"
"678",33,1,3,4,"10",1,1,1,6,2,2,4,5,2,2,1,1,1,1,1,FALSE,FALSE,"Helse og omsorg"
"679",43,1,1,3,"12",2,2,3,5,2,4,2,7,3,3,1,1,4,1,1,TRUE,FALSE,"Helse og omsorg"
"681",51,1,3,3,"27",4,5,5,5,5,2,1,1,1,1,2,2,2,1,2,FALSE,FALSE,"Helse og omsorg"
"685",30,2,2,3,"11",1,1,1,1,1,1,1,2,1,1,1,3,4,1,1,FALSE,FALSE,"Finans og forsikring"
"686",55,1,5,2,"35",2,2,2,3,2,1,1,1,1,1,2,2,2,2,2,TRUE,FALSE,"annet"
"688",63,1,1,3,"40",1,1,1,3,1,2,1,1,1,1,1,1,1,1,1,TRUE,FALSE,"Olje og gass"
"689",25,1,1,3,"6",1,2,1,1,1,3,4,3,4,2,1,1,1,1,1,TRUE,FALSE,"annet"
"696",49,1,3,4,"25",1,2,3,5,3,5,5,5,6,6,2,1,1,1,2,FALSE,FALSE,"Forskning og undervisning"
"697",52,2,5,3,"30",5,5,2,2,2,1,2,1,1,1,1,1,1,1,1,TRUE,FALSE,"Helse og omsorg"
"700",39,1,3,3,"20",3,3,2,4,2,2,1,2,1,3,1,1,1,1,1,FALSE,TRUE,"Helse og omsorg"
"705",28,1,1,3,"6",3,4,3,5,5,5,2,2,2,2,1,1,1,1,1,TRUE,FALSE,"Helse og omsorg"
"706",34,1,3,3,"13",2,2,2,5,2,1,6,6,2,5,1,1,1,1,1,FALSE,TRUE,"Helse og omsorg"
"707",61,1,5,4,"37",2,3,2,6,5,5,4,5,2,4,2,1,2,1,1,TRUE,FALSE,"annet"
"708",33,1,3,4,"15",2,2,2,4,5,1,1,1,1,1,2,1,1,1,1,FALSE,FALSE,"Helse og omsorg"
"710",55,1,5,4,"33",5,4,4,6,5,4,2,2,2,4,3,1,1,1,1,TRUE,FALSE,"Helse og omsorg"
"712",52,1,3,2,"32",4,4,5,6,5,3,4,4,3,3,4,3,3,4,2,FALSE,FALSE,"Olje og gass"
"713",52,1,5,4,"38",2,2,3,5,5,6,7,7,7,7,4,3,5,1,4,TRUE,FALSE,"Forskning og undervisning"
"720",62,1,3,2,"40",5,4,4,6,6,4,4,4,2,2,2,4,4,4,4,FALSE,FALSE,"Helse og omsorg"
"721",45,1,2,3,"30",5,6,5,6,4,2,2,1,1,1,1,2,1,1,1,FALSE,FALSE,"Helse og omsorg"
"723",32,1,1,4,"7",5,3,5,5,4,5,3,4,4,2,1,1,1,1,1,TRUE,FALSE,"Helse og omsorg"
"724",33,1,3,2,"13",1,1,2,6,4,2,1,2,2,7,1,1,2,1,1,FALSE,FALSE,"Helse og omsorg"
"725",46,1,3,4,"17",3,4,5,7,7,7,6,6,6,5,2,2,2,1,2,FALSE,FALSE,"Helse og omsorg"
"726",42,1,3,2,"19",5,5,2,5,2,5,5,6,6,6,3,2,2,1,1,FALSE,FALSE,"Helse og omsorg"
"727",49,2,2,2,"35",6,6,4,6,6,7,6,6,6,6,4,5,5,3,5,FALSE,TRUE,"Bygg og anlegg"
"728",39,1,2,4,"14",2,6,5,6,6,1,1,4,1,1,1,1,1,1,1,FALSE,FALSE,"Industri"
"730",38,1,3,4,"16",5,7,3,5,4,5,2,2,2,4,1,1,1,1,1,FALSE,FALSE,"Helse og omsorg"
"731",38,1,3,4,"6",5,6,4,4,2,3,4,6,3,3,2,1,1,1,1,FALSE,FALSE,"Helse og omsorg"
"732",34,1,3,3,"17",1,2,3,2,4,4,4,5,2,4,1,1,1,1,1,FALSE,FALSE,"IT"
"733",27,1,2,3,"9",4,6,5,7,7,4,5,5,5,5,5,3,5,2,2,FALSE,FALSE,"Helse og omsorg"
"734",41,1,3,4,"17",3,3,2,2,2,2,2,2,2,2,3,1,2,1,1,FALSE,TRUE,"Helse og omsorg"
"736",63,2,3,4,"40",7,6,2,6,3,1,3,6,2,2,3,3,2,1,1,FALSE,TRUE,"Olje og gass"
"737",49,1,5,4,"25",5,6,7,7,7,7,6,6,5,6,1,1,1,1,1,TRUE,TRUE,"Forskning og undervisning"
"738",39,1,5,3,"14",5,2,2,4,2,2,2,2,2,2,2,2,2,2,2,TRUE,FALSE,"Helse og omsorg"
"742",31,1,2,4,"12",4,7,6,7,6,6,5,4,5,5,1,1,1,1,1,FALSE,FALSE,"Helse og omsorg"
"747",43,1,3,3,"14",7,7,6,7,7,2,1,1,3,3,3,2,2,2,2,FALSE,FALSE,"Helse og omsorg"
"748",40,1,6,4,"16",1,1,1,1,1,1,1,1,1,1,1,7,1,1,1,TRUE,TRUE,"Olje og gass"
"749",52,1,3,3,"20",1,1,1,1,1,1,5,5,4,5,1,1,1,1,1,FALSE,FALSE,"Olje og gass"
"750",43,2,3,3,"24",2,2,1,3,4,3,4,5,4,4,2,2,2,2,1,FALSE,FALSE,"Olje og gass"
"751",44,1,3,4,"20",4,6,7,2,2,1,1,1,1,1,1,1,1,1,1,FALSE,FALSE,"Forskning og undervisning"
"753",40,1,3,4,"13",1,1,1,2,2,2,2,3,3,2,1,1,1,1,1,FALSE,FALSE,"Helse og omsorg"
"755",36,1,1,3,"11",3,6,2,4,5,4,2,5,3,2,1,1,1,1,1,TRUE,FALSE,"Helse og omsorg"
"756",38,2,3,4,"10",2,2,4,2,2,2,2,2,2,2,1,2,2,1,1,FALSE,TRUE,"Offentlig administrasjon"
"758",32,1,2,3,"12",3,7,7,7,7,3,3,3,3,3,3,2,3,2,2,FALSE,FALSE,"Helse og omsorg"
"759",41,1,2,3,"17",4,3,3,2,2,5,5,5,5,5,1,1,1,1,1,FALSE,FALSE,"Helse og omsorg"
"764",57,2,4,4,"32",5,5,5,6,6,3,2,2,2,2,1,1,1,1,1,TRUE,FALSE,"Forskning og undervisning"
"765",58,1,3,3,"35",2,2,2,2,2,4,2,4,4,4,2,2,2,2,2,FALSE,TRUE,"Olje og gass"
"766",32,1,2,4,"9",4,5,4,7,7,2,1,1,1,1,1,1,1,1,1,FALSE,FALSE,"Helse og omsorg"
"769",29,1,2,4,"10",4,2,5,7,7,7,6,6,4,7,1,1,1,1,1,FALSE,FALSE,"Helse og omsorg"
"773",1991,1,1,2,"11",2,5,2,6,6,2,1,1,1,1,2,2,2,2,2,TRUE,FALSE,"Helse og omsorg"
"775",51,1,3,3,"15",5,5,4,5,5,3,2,2,2,3,3,3,3,1,2,FALSE,FALSE,"Forskning og undervisning"
"776",36,1,3,4,"10",5,6,6,6,6,2,1,1,1,2,4,2,2,1,2,FALSE,FALSE,"Helse og omsorg"
"777",50,1,1,3,"26",4,4,4,4,4,1,1,1,1,1,1,1,1,1,1,TRUE,FALSE,"Helse og omsorg"
"781",42,1,2,3,"3",1,3,2,2,2,2,2,2,2,2,2,2,2,2,2,FALSE,FALSE,"Helse og omsorg"
"785",55,1,3,3,"36",2,2,2,6,4,2,2,2,2,2,2,2,2,2,1,FALSE,FALSE,"Helse og omsorg"
"788",54,1,3,2,"30",5,6,5,4,5,6,2,4,2,5,6,6,6,7,6,FALSE,FALSE,"Helse og omsorg"
"792",49,1,3,4,"25",2,2,2,3,4,2,2,2,2,2,1,1,1,1,1,FALSE,FALSE,"Forskning og undervisning"
"793",51,1,2,2,"30",2,1,1,1,1,2,1,1,1,1,7,7,7,7,7,FALSE,FALSE,"annet"
"794",45,1,3,4,"25",2,4,3,4,6,2,4,5,5,5,2,2,2,2,2,FALSE,FALSE,"Forskning og undervisning"
"796",1991,1,2,3,"7",5,7,5,7,4,4,4,5,5,5,3,1,3,1,1,FALSE,FALSE,"Helse og omsorg"
"798",57,1,2,3,"30",6,4,3,6,4,2,2,2,2,2,1,1,2,2,1,FALSE,FALSE,"Helse og omsorg"
"799",26,1,1,3,"8",3,5,4,4,2,3,3,2,2,2,2,4,4,6,6,TRUE,FALSE,"Helse og omsorg"
"801",41,1,3,2,"28",1,1,5,5,3,6,6,5,5,4,1,1,1,1,1,FALSE,FALSE,"Industri"
"802",53,2,3,3,"31",3,2,2,4,2,5,2,6,2,3,2,2,2,2,2,FALSE,FALSE,"Olje og gass"
"806",51,1,2,3,"30",4,4,5,6,6,2,2,2,2,2,2,2,2,2,2,FALSE,FALSE,"Helse og omsorg"
"809",58,1,2,2,"40",6,6,6,6,6,6,1,1,1,1,1,1,1,1,1,FALSE,FALSE,"Helse og omsorg"
"812",32,1,1,4,"6,5",5,2,4,5,6,2,1,2,2,2,2,1,1,1,1,TRUE,FALSE,"Helse og omsorg"
"816",46,1,3,3,"27",1,1,1,1,1,3,4,4,4,4,1,1,1,1,1,FALSE,FALSE,"IT"
"818",50,1,5,2,"30",7,7,7,7,7,7,7,6,5,5,4,4,4,4,4,TRUE,FALSE,"Helse og omsorg"
"819",32,2,1,4,"5",1,1,1,1,1,5,5,5,5,5,1,1,1,1,1,TRUE,FALSE,"Forskning og undervisning"
"820",43,2,5,3,"15",4,4,4,4,4,4,4,4,4,4,4,4,4,4,4,TRUE,TRUE,"Forskning og undervisning"
"821",49,1,3,2,"10",4,6,4,6,6,2,2,2,2,2,5,5,4,2,2,FALSE,FALSE,"Helse og omsorg"
"823",31,1,1,2,"13",3,3,6,7,7,4,1,1,1,1,1,1,1,1,1,TRUE,FALSE,"Helse og omsorg"
"828",42,1,2,2,"24",4,6,4,6,6,6,6,7,6,6,5,6,6,6,6,FALSE,FALSE,"Helse og omsorg"
"829",45,1,3,4,"25",2,2,3,2,2,4,3,5,5,5,1,1,1,1,1,FALSE,FALSE,"Forskning og undervisning"
"830",29,1,2,3,"9",2,2,2,2,2,2,1,1,1,1,2,1,1,1,1,FALSE,FALSE,"Helse og omsorg"
"832",64,1,5,3,"45",6,7,6,7,7,2,2,2,2,2,3,2,2,1,2,TRUE,FALSE,"Helse og omsorg"
"837",29,1,2,2,"11",4,4,5,3,2,1,1,1,1,1,1,1,1,3,1,FALSE,FALSE,"Helse og omsorg"
"839",35,1,3,4,"7",3,1,2,3,1,1,3,4,4,4,2,5,1,5,5,FALSE,FALSE,"Offentlig administrasjon"
"846",42,1,2,3,"17",1,2,2,2,2,1,1,2,2,2,1,1,1,1,1,FALSE,FALSE,"Helse og omsorg"
"847",24,1,2,3,"4",5,5,5,7,6,2,2,2,2,2,2,4,2,2,2,FALSE,FALSE,"Helse og omsorg"
"850",43,1,2,2,"15",5,6,6,7,5,2,2,2,2,2,4,2,3,4,2,FALSE,FALSE,"Helse og omsorg"
"852",40,1,1,2,"19",3,5,4,5,4,3,3,3,3,3,1,1,1,1,1,TRUE,FALSE,"Helse og omsorg"
"853",60,1,3,2,"40",6,6,5,7,7,4,2,2,2,2,2,2,2,2,2,FALSE,FALSE,"Helse og omsorg"
"854",30,1,2,3,"8",1,1,1,5,5,6,5,6,6,6,6,6,6,6,5,FALSE,FALSE,"Finans og forsikring"
"855",37,1,3,4,"17",4,5,3,4,3,1,1,1,1,1,2,2,2,1,1,FALSE,FALSE,"annet"
"856",40,1,2,4,"20",1,1,1,3,1,1,1,1,1,1,1,1,1,2,2,FALSE,FALSE,"Offentlig administrasjon"
"857",55,1,3,4,"35",5,5,5,3,3,2,1,1,1,1,2,1,1,1,1,FALSE,FALSE,"Helse og omsorg"
"859",59,1,2,2,"40",4,4,4,5,4,2,2,2,2,2,1,1,1,1,1,FALSE,FALSE,"annet"
"860",38,1,3,3,"8",4,5,5,6,5,6,5,5,5,7,6,7,5,6,6,FALSE,FALSE,"Helse og omsorg"
"861",37,2,3,3,"15",2,2,2,5,5,5,2,5,5,5,2,2,2,2,2,FALSE,TRUE,"Bygg og anlegg"
"865",56,1,3,3,"30",7,7,7,7,7,7,7,7,7,7,7,7,7,1,3,FALSE,FALSE,"Helse og omsorg"
"867",48,1,2,2,"24",5,5,5,5,5,6,5,5,5,5,4,2,4,1,1,FALSE,FALSE,"Helse og omsorg"
"870",33,1,2,4,"10",2,4,2,5,5,1,2,5,2,2,2,2,2,2,2,FALSE,FALSE,"annet"
"871",50,1,3,2,"23",4,4,5,7,7,5,5,5,5,5,4,2,2,2,2,FALSE,FALSE,"Helse og omsorg"
"873",36,1,1,3,"12",6,6,6,6,6,4,2,2,4,2,2,2,2,2,6,TRUE,FALSE,"Helse og omsorg"
"874",44,2,3,2,"26",1,1,1,1,2,1,1,1,1,1,1,1,2,1,1,FALSE,FALSE,"Olje og gass"
"876",32,1,1,3,"9",6,6,6,5,4,6,4,4,4,4,4,4,4,3,3,TRUE,FALSE,"Helse og omsorg"
"877",50,1,1,4,"22",7,7,7,7,7,5,3,2,2,2,2,2,2,2,2,TRUE,FALSE,"Helse og omsorg"
"880",27,1,2,2,"9",6,7,5,7,5,2,3,3,2,3,3,7,7,6,5,FALSE,FALSE,"Helse og omsorg"
"881",54,1,3,4,"30",2,2,1,2,1,1,2,2,1,1,1,2,2,2,2,FALSE,FALSE,"Offentlig administrasjon"
"882",43,1,3,2,"26",4,4,3,4,5,5,1,1,1,2,1,1,1,1,1,FALSE,FALSE,"Helse og omsorg"
"884",47,1,2,3,"20",4,4,4,6,5,7,4,6,4,5,3,5,3,4,3,FALSE,FALSE,"Helse og omsorg"
"889",37,1,1,3,"21",2,4,2,6,6,6,5,6,3,5,1,1,1,1,1,TRUE,FALSE,"Helse og omsorg"
"894",37,1,1,4,"5",6,6,6,7,7,4,4,6,6,6,1,1,1,1,1,TRUE,FALSE,"Offentlig administrasjon"
"897",72,2,2,3,"50",1,1,1,1,1,1,1,1,1,1,1,1,1,1,1,FALSE,TRUE,"Bygg og anlegg"
"901",35,1,1,2,"16",2,2,2,2,3,6,3,5,3,3,1,1,1,1,1,TRUE,FALSE,"Varehandel"
"903",47,1,3,2,"27",5,6,6,6,5,6,6,6,5,5,4,2,3,2,2,FALSE,FALSE,"Helse og omsorg"
"904",36,1,3,3,"13",3,4,5,4,4,1,1,2,1,1,1,1,1,1,1,FALSE,FALSE,"Helse og omsorg"
"908",46,1,3,3,"20",4,4,4,5,5,2,2,4,2,3,5,2,2,1,1,FALSE,FALSE,"Forskning og undervisning"
"909",60,1,6,3,"42",4,3,5,6,4,2,2,2,1,1,1,1,1,1,1,TRUE,FALSE,"Helse og omsorg"
"910",41,1,1,2,"25",4,4,7,4,4,3,3,2,4,3,2,6,5,5,5,TRUE,FALSE,"Industri"
"912",46,2,2,2,"",2,4,2,6,6,4,4,7,4,4,1,1,1,1,1,FALSE,TRUE,"Olje og gass"
"914",22,1,1,2,"1",5,2,4,6,5,1,1,1,2,1,2,4,1,6,4,TRUE,FALSE,"Varehandel"
"923",58,1,5,3,"37",5,5,2,5,3,5,3,3,3,5,3,2,3,2,2,TRUE,FALSE,"Helse og omsorg"
"924",53,2,3,4,"26",1,1,1,1,2,1,1,6,1,1,1,1,1,1,1,FALSE,FALSE,"Helse og omsorg"
"926",36,1,3,3,"5",3,6,2,2,2,3,2,2,2,2,1,1,1,1,1,FALSE,FALSE,"Helse og omsorg"
"927",33,1,1,1,"10",1,1,1,1,1,1,1,1,1,1,1,1,1,1,1,TRUE,FALSE,"Helse og omsorg"
"928",42,1,3,4,"16",2,2,2,2,1,2,6,6,2,5,2,2,3,5,2,FALSE,TRUE,"Helse og omsorg"
"931",44,1,3,2,"26",4,6,4,4,5,2,2,2,2,2,2,1,2,1,1,FALSE,FALSE,"Helse og omsorg"
"934",56,2,2,2,"42",4,5,5,6,4,5,6,5,5,5,5,5,5,5,4,FALSE,TRUE,"IT"
"935",48,1,3,3,"30",4,4,2,5,3,2,2,2,2,2,1,1,1,1,1,FALSE,FALSE,"Helse og omsorg"
"938",34,1,1,2,"6",6,5,6,4,6,5,1,2,1,5,6,5,6,6,7,TRUE,FALSE,"Helse og omsorg"
"940",50,1,3,3,"23",1,1,5,6,4,1,3,7,2,2,1,2,2,3,2,FALSE,FALSE,"Offentlig administrasjon"
"943",59,1,3,2,"30",2,2,2,2,2,2,2,2,2,2,2,2,2,2,1,FALSE,FALSE,"Helse og omsorg"
"944",37,1,3,3,"16",2,2,2,3,3,1,1,1,1,1,1,1,1,1,1,FALSE,FALSE,"Helse og omsorg"
"946",28,1,2,4,"5",5,7,5,5,6,2,1,1,1,2,3,1,3,1,1,FALSE,FALSE,"Helse og omsorg"
"948",50,1,3,4,"27",4,3,4,5,5,5,5,6,5,5,1,1,1,1,1,FALSE,FALSE,"Forskning og undervisning"
"949",28,2,2,2,"8",1,1,1,5,1,7,7,7,5,3,1,1,1,1,1,FALSE,FALSE,"IT"
"950",31,1,2,4,"10",3,2,2,6,5,2,2,3,2,2,1,1,1,1,1,FALSE,FALSE,"Helse og omsorg"
"952",30,1,1,2,"1",6,6,2,7,7,5,5,6,6,7,2,4,2,2,4,TRUE,FALSE,"Helse og omsorg"
"953",57,1,1,3,"30",1,2,2,5,2,3,1,1,1,2,1,1,1,1,1,TRUE,TRUE,"Forskning og undervisning"
"956",35,1,2,2,"16",4,2,2,3,2,2,2,2,2,2,2,1,1,1,1,FALSE,FALSE,"Helse og omsorg"
"959",33,1,1,3,"10",4,6,3,6,5,1,1,1,1,1,4,1,1,1,1,TRUE,FALSE,"Helse og omsorg"
"963",47,2,2,3,"27",5,6,6,3,3,5,2,5,6,4,1,4,7,3,5,FALSE,TRUE,"Bygg og anlegg"
"964",22,1,1,3,"6",4,3,4,6,4,1,1,1,1,1,6,1,4,1,1,TRUE,FALSE,"Helse og omsorg"
"966",66,2,2,4,"40",1,1,2,3,2,4,3,5,2,5,1,1,1,1,1,FALSE,TRUE,"Olje og gass"
"970",38,2,1,3,"20",2,2,4,5,3,3,2,4,2,4,1,1,1,1,1,TRUE,FALSE,"Helse og omsorg"
"971",62,1,3,4,"31",4,5,4,6,7,2,2,2,2,2,4,5,5,2,5,FALSE,FALSE,"Helse og omsorg"
"972",35,1,2,3,"16",5,7,4,7,6,5,5,5,5,5,3,1,1,1,1,FALSE,FALSE,"Helse og omsorg"
"974",48,1,2,2,"30",7,7,7,7,7,7,7,7,7,7,7,7,7,5,7,FALSE,FALSE,"Helse og omsorg"
"976",67,2,3,4,"38",6,6,6,7,7,5,6,6,6,6,7,6,6,6,4,FALSE,FALSE,"Forskning og undervisning"
"977",30,1,1,3,"10",7,7,7,7,7,5,2,3,3,3,3,3,2,3,2,TRUE,FALSE,"Helse og omsorg"
"982",45,1,1,3,"20",1,1,1,1,1,1,1,1,1,1,1,1,1,1,1,TRUE,TRUE,"Olje og gass"
"983",39,1,3,4,"15",1,1,2,2,2,5,2,5,5,5,1,1,1,1,1,FALSE,FALSE,"Forskning og undervisning"
"984",31,1,1,4,"11",2,2,2,2,2,4,2,2,1,2,1,1,1,1,1,TRUE,FALSE,"Helse og omsorg"
"985",48,1,5,3,"18",1,2,2,5,2,5,5,5,5,5,1,1,1,1,1,TRUE,TRUE,"Helse og omsorg"
"987",38,1,2,2,"20",3,2,2,2,2,2,2,2,2,2,2,2,2,2,2,FALSE,FALSE,"Helse og omsorg"
"990",37,2,2,2,"15",1,1,1,1,1,2,1,1,1,1,1,1,1,1,1,FALSE,FALSE,"Helse og omsorg"
"992",33,1,1,2,"15",2,2,2,2,2,2,2,2,2,2,4,4,5,5,5,TRUE,FALSE,"Varehandel"
"993",48,1,2,3,"30",1,1,1,3,1,1,1,1,1,1,1,1,1,1,1,FALSE,FALSE,"Helse og omsorg"
"995",53,1,3,3,"30",7,7,6,7,7,3,3,3,3,3,4,3,3,3,3,FALSE,FALSE,"Olje og gass"
"996",34,1,5,3,"13",5,6,4,4,4,1,1,1,1,1,1,1,1,1,1,TRUE,FALSE,"Helse og omsorg"
"998",30,2,3,3,"10",3,5,4,5,2,1,1,1,1,2,2,2,2,1,1,FALSE,FALSE,"Helse og omsorg"
"999",35,1,2,2,"16",3,4,6,7,7,3,3,4,3,3,4,1,2,2,1,FALSE,FALSE,"Helse og omsorg"
"1000",29,1,2,2,"11",4,7,6,6,6,4,3,3,3,3,4,2,3,2,1,FALSE,FALSE,"Helse og omsorg"
"1001",47,1,2,3,"25",4,4,4,5,5,6,5,6,5,6,2,2,2,4,3,FALSE,FALSE,"Helse og omsorg"
"1003",36,1,3,4,"11",5,5,5,7,7,4,2,2,3,4,1,1,1,1,1,FALSE,FALSE,"Helse og omsorg"
"1005",33,1,3,3,"10",4,4,3,1,2,1,1,1,1,1,1,5,5,7,6,FALSE,FALSE,"Helse og omsorg"
"1006",47,2,2,3,"32",2,2,2,5,2,6,5,6,5,5,1,2,3,3,1,FALSE,FALSE,"Olje og gass"
"1009",40,1,3,4,"12",2,5,3,2,1,1,2,2,2,2,1,1,1,1,1,FALSE,FALSE,"Helse og omsorg"
"1010",30,2,3,2,"14",2,2,3,7,1,7,6,6,6,6,1,1,1,1,1,FALSE,FALSE,"IT"
"1011",52,1,3,4,"28",3,4,2,5,3,6,4,4,3,3,3,1,1,1,1,FALSE,FALSE,"Helse og omsorg"
"1012",38,1,2,4,"16",6,7,7,7,6,6,7,7,7,7,1,1,1,1,1,FALSE,FALSE,"Forskning og undervisning"
"1013",23,1,2,2,"6",7,7,6,7,7,3,2,2,2,2,4,5,5,4,4,FALSE,FALSE,"Helse og omsorg"
"1015",35,1,3,2,"18",7,7,7,7,7,1,1,1,1,1,1,1,1,1,1,FALSE,FALSE,"Helse og omsorg"
"1016",55,1,1,2,"40",6,6,7,7,6,3,2,6,2,2,1,1,1,1,1,TRUE,FALSE,"Helse og omsorg"
"1017",40,1,1,4,"14",6,6,5,7,7,5,5,4,5,4,3,1,1,1,1,TRUE,FALSE,"Helse og omsorg"
"1021",47,1,3,4,"19",4,5,4,6,6,4,4,3,3,2,1,1,1,1,1,FALSE,FALSE,"Helse og omsorg"
"1024",46,1,3,3,"4",5,2,5,3,2,2,2,2,2,2,2,2,2,2,2,FALSE,FALSE,"Helse og omsorg"
"1031",22,1,2,3,"0",1,1,1,1,1,1,1,1,1,1,1,1,1,1,1,FALSE,FALSE,"Helse og omsorg"
"1033",31,1,2,2,"10",4,4,4,2,5,2,2,2,2,2,2,5,6,6,5,FALSE,FALSE,"Helse og omsorg"
"1036",43,1,5,4,"24",3,3,4,3,2,2,2,2,4,4,2,1,1,1,1,TRUE,FALSE,"Helse og omsorg"
"1037",65,2,1,2,"47",2,2,1,4,5,2,2,2,2,2,2,2,2,5,2,TRUE,FALSE,"Helse og omsorg"
"1038",38,2,3,2,"19",1,1,1,2,2,4,3,4,4,5,1,1,1,2,1,FALSE,FALSE,"IT"
"1040",34,1,3,4,"10",2,1,2,1,1,2,1,1,1,1,1,1,3,2,1,FALSE,FALSE,"Varehandel"
"1041",48,1,3,3,"22",1,4,1,3,1,1,1,1,1,1,1,1,1,1,1,FALSE,FALSE,"Helse og omsorg"
"1044",55,1,1,3,"30",5,5,5,6,6,6,2,2,2,2,2,1,1,1,1,TRUE,FALSE,"Helse og omsorg"
"1045",41,1,2,3,"20",1,2,2,3,3,3,1,1,1,1,1,1,1,1,1,FALSE,FALSE,"Helse og omsorg"
"1046",49,1,1,3,"30",6,6,6,7,7,4,4,3,3,3,5,2,2,1,1,TRUE,FALSE,"Helse og omsorg"
"1047",62,2,3,2,"44",1,2,2,4,5,1,1,1,1,1,1,1,1,1,1,FALSE,FALSE,"Bygg og anlegg"
"1050",25,2,1,2,"8",2,2,1,5,1,1,1,3,4,6,1,1,1,1,1,TRUE,FALSE,"Industri"
"1051",32,2,3,3,"16",6,6,6,2,2,2,1,1,1,1,1,1,1,1,1,FALSE,TRUE,"Olje og gass"
"1052",51,2,5,2,"32",4,5,5,6,6,3,2,2,2,2,3,1,3,1,1,TRUE,FALSE,"Helse og omsorg"
"1053",54,1,3,2,"35",4,5,4,5,5,7,7,7,6,6,5,6,5,4,4,FALSE,FALSE,"Helse og omsorg"
"1058",35,1,2,3,"13",6,7,5,5,5,4,5,5,5,5,1,1,1,1,1,FALSE,TRUE,"Helse og omsorg"
"1060",54,1,2,2,"30",2,2,1,2,2,2,2,2,2,2,2,2,2,2,2,FALSE,TRUE,"IT"
"1061",56,2,3,4,"32",1,1,1,1,1,1,1,1,1,1,1,1,1,1,1,FALSE,FALSE,"Forskning og undervisning"
"1063",36,1,3,2,"12",6,6,6,6,6,6,6,6,6,6,6,6,6,5,4,FALSE,FALSE,"Helse og omsorg"
"1065",57,1,1,3,"34",2,1,1,2,2,1,1,1,1,1,1,1,1,1,1,TRUE,TRUE,"Forskning og undervisning"
"1071",58,1,1,3,"40",2,2,3,3,2,2,2,2,2,2,2,2,2,2,2,TRUE,FALSE,"Helse og omsorg"
"1072",55,1,3,2,"15",3,6,4,6,7,2,1,1,2,2,2,3,3,2,5,FALSE,FALSE,"Helse og omsorg"
"1073",33,1,4,2,"2",4,7,7,6,7,4,1,1,1,1,1,4,4,4,3,TRUE,FALSE,"Varehandel"
"1075",48,1,1,3,"28",4,3,2,3,1,1,1,1,1,1,3,5,5,5,5,TRUE,FALSE,"Finans og forsikring"
"1076",31,1,3,3,"16",4,5,5,7,6,7,6,6,6,6,5,1,1,1,1,FALSE,FALSE,"Helse og omsorg"
"1078",58,2,2,4,"30",2,2,3,6,6,4,4,5,3,5,1,1,1,1,1,FALSE,TRUE,"Olje og gass"
"1079",53,1,3,2,"35",4,3,2,5,5,2,2,2,2,2,2,1,2,1,1,FALSE,FALSE,"Helse og omsorg"
"1080",66,2,3,4,"42",4,5,4,4,4,2,5,6,5,4,3,2,2,2,2,FALSE,FALSE,"Helse og omsorg"
"1089",39,1,2,3,"15",3,3,3,5,3,4,3,4,3,3,1,1,2,2,2,FALSE,FALSE,"annet"
"1092",44,1,2,3,"21",5,5,5,5,5,2,2,2,2,2,2,2,2,2,2,FALSE,FALSE,"Helse og omsorg"
"1096",32,2,1,3,"10",1,1,1,1,1,5,5,5,5,2,3,3,2,2,2,TRUE,FALSE,"Forskning og undervisning"
"1101",46,1,3,4,"20",6,5,6,7,7,1,4,6,2,4,1,1,1,1,1,FALSE,TRUE,"Olje og gass"
"1103",52,3,5,4,"36",2,4,3,2,2,4,3,3,3,3,2,2,2,2,2,TRUE,FALSE,"Helse og omsorg"
"1104",49,2,3,4,"24",4,5,6,6,6,7,7,6,6,7,1,1,1,1,1,FALSE,FALSE,"Forskning og undervisning"
"1106",42,1,2,4,"20",2,3,2,4,4,2,1,1,1,1,4,1,1,1,2,FALSE,FALSE,"Helse og omsorg"
"1108",40,1,2,2,"24",1,1,1,1,1,1,1,1,1,1,1,1,1,1,1,FALSE,FALSE,"Helse og omsorg"
"1109",40,1,3,3,"23",4,6,6,7,4,7,7,7,7,7,4,3,3,2,2,FALSE,TRUE,"Helse og omsorg"
"1112",42,2,3,2,"25",1,1,1,2,1,3,3,3,3,3,1,2,2,2,2,FALSE,FALSE,"IT"
"1113",59,1,3,4,"42",4,2,3,4,4,2,2,2,2,2,2,2,2,2,2,FALSE,FALSE,"Helse og omsorg"
"1116",27,1,1,3,"2016",4,4,5,6,5,2,2,2,2,2,2,2,2,1,1,TRUE,FALSE,"Helse og omsorg"
"1124",41,1,3,3,"20",2,2,3,6,6,1,1,1,1,1,4,1,1,1,1,FALSE,FALSE,"Helse og omsorg"
"1126",37,1,2,3,"",1,2,3,2,2,1,1,1,1,1,1,1,1,1,1,FALSE,FALSE,"Helse og omsorg"
"1127",35,1,1,3,"16",4,3,2,4,3,5,5,4,4,4,1,1,1,1,1,TRUE,FALSE,"Helse og omsorg"
"1129",58,1,5,4,"31",4,5,2,5,7,1,1,1,1,1,1,1,1,1,1,TRUE,FALSE,"Helse og omsorg"
"1131",24,1,2,3,"1",6,6,6,7,7,4,4,4,4,4,3,3,3,3,3,FALSE,FALSE,"Helse og omsorg"
"1132",46,1,3,4,"22",1,3,2,4,3,1,3,5,5,5,1,1,1,1,1,FALSE,FALSE,"Helse og omsorg"
"1137",25,1,2,3,"8",2,2,2,5,3,4,5,5,4,5,1,1,1,1,1,FALSE,FALSE,"Faglige tjenester"
"1139",62,1,1,4,"43",4,2,2,2,2,2,4,4,2,4,1,1,1,1,1,TRUE,TRUE,"Olje og gass"
"1144",37,1,2,3,"10",4,7,3,5,6,2,4,5,3,3,2,1,1,1,1,FALSE,FALSE,"annet"
"1145",46,2,3,4,"20",2,2,1,3,4,3,3,2,1,2,1,1,1,1,1,FALSE,TRUE,"Olje og gass"
"1147",52,2,1,3,"36",3,1,2,4,5,6,7,7,7,6,2,1,1,1,2,TRUE,FALSE,"annet"
"1148",57,1,3,2,"40",5,4,5,6,6,7,6,6,3,5,2,1,1,1,1,FALSE,FALSE,"Helse og omsorg"
"1150",40,1,2,3,"14",3,1,4,6,5,6,5,7,5,6,1,1,1,1,1,FALSE,FALSE,"Helse og omsorg"
"1152",35,1,3,3,"17",6,6,4,6,6,3,2,2,3,2,3,2,4,4,1,FALSE,FALSE,"Helse og omsorg"
"1153",46,2,3,3,"26",2,2,2,2,2,2,2,2,2,2,2,2,2,2,2,FALSE,FALSE,"annet"
"1155",38,1,1,4,"18",6,7,4,6,6,5,5,5,5,4,2,2,2,1,2,TRUE,FALSE,"Helse og omsorg"
"1157",47,2,2,4,"17",2,2,2,2,2,2,2,2,2,2,2,2,2,2,2,FALSE,TRUE,"Olje og gass"
"1159",64,2,3,4,"45",4,5,5,6,5,2,4,6,2,2,1,1,1,1,1,FALSE,FALSE,"Forskning og undervisning"
"1161",27,1,1,4,"5",3,1,2,2,1,4,2,2,2,2,4,4,4,3,3,TRUE,FALSE,"Finans og forsikring"
"1162",43,1,2,2,"27",2,6,6,5,4,3,1,1,1,2,2,2,2,1,1,FALSE,FALSE,"Helse og omsorg"
"1163",35,1,3,2,"16",7,7,5,7,7,2,5,6,4,5,1,1,1,1,1,FALSE,FALSE,"Helse og omsorg"
"1167",31,1,1,3,"13",3,2,1,6,6,5,4,4,4,4,2,2,2,2,2,TRUE,FALSE,"Helse og omsorg"
"1170",50,1,2,4,"28",4,6,6,6,6,6,6,6,6,6,2,1,1,1,1,FALSE,FALSE,"Forskning og undervisning"
"1171",40,1,1,3,"10",3,4,1,6,5,5,7,7,7,6,1,1,1,1,1,TRUE,TRUE,"Helse og omsorg"
"1174",40,1,3,4,"22",1,1,1,1,1,1,1,1,1,1,1,1,1,1,1,FALSE,FALSE,"Helse og omsorg"
"1175",33,1,3,4,"10",1,2,4,2,2,2,3,3,3,3,1,1,1,1,1,FALSE,FALSE,"Forskning og undervisning"
"1176",43,1,3,3,"20",3,5,4,4,4,4,3,3,5,5,5,2,2,1,1,FALSE,FALSE,"Helse og omsorg"
"1179",50,2,4,4,"25",1,3,2,4,3,2,1,1,2,4,1,1,1,1,1,TRUE,FALSE,"Helse og omsorg"
"1180",65,2,1,4,"21",6,6,6,7,7,7,6,6,5,6,5,6,6,5,5,TRUE,FALSE,"Helse og omsorg"
"1183",62,1,5,2,"30",7,7,7,7,7,7,7,7,7,7,7,7,7,7,7,TRUE,FALSE,"Helse og omsorg"
"1184",36,2,3,3,"15",1,1,2,2,2,3,4,3,3,2,1,1,4,3,5,FALSE,FALSE,"Finans og forsikring"
"1189",56,1,2,2,"38",5,4,3,6,5,3,2,4,4,4,2,3,4,2,2,FALSE,FALSE,"Varehandel"
"1190",31,1,2,3,"10",5,4,5,5,6,5,4,4,4,3,6,1,4,1,1,FALSE,FALSE,"Helse og omsorg"
"1191",53,1,3,4,"25",6,7,4,7,7,5,6,6,6,6,3,3,3,1,2,FALSE,FALSE,"Forskning og undervisning"
"1194",32,1,1,2,"14",1,1,4,5,3,1,1,1,1,1,4,5,4,6,7,TRUE,FALSE,"Helse og omsorg"
"1197",38,1,2,3,"22",4,6,4,6,7,3,3,5,4,4,2,1,3,1,1,FALSE,FALSE,"Helse og omsorg"
"1199",51,1,2,3,"25",2,3,4,5,4,3,2,2,2,2,4,4,4,4,4,FALSE,FALSE,"Offentlig administrasjon"
"1200",39,1,2,1,"22",1,2,2,4,2,7,6,6,5,5,2,2,2,2,2,FALSE,TRUE,"Varehandel"
"1202",44,1,3,4,"18",5,5,5,4,4,6,5,4,3,4,2,2,2,2,2,FALSE,FALSE,"Offentlig administrasjon"
"1204",52,1,3,3,"30",1,2,1,6,6,1,1,1,1,1,1,1,1,1,1,FALSE,FALSE,"Offentlig administrasjon"
"1205",22,2,2,2,"5",2,2,3,3,2,4,2,3,1,1,1,1,1,1,1,FALSE,FALSE,"annet"
"1206",31,1,2,2,"16",1,2,1,1,1,2,2,2,2,2,1,1,1,1,1,FALSE,FALSE,"IT"
"1207",35,1,2,4,"4",1,1,1,2,1,1,1,1,2,2,1,1,1,1,1,FALSE,FALSE,"Forskning og undervisning"
"1209",59,2,1,2,"35",2,1,1,1,1,1,6,4,2,2,1,1,1,1,1,TRUE,FALSE,"Helse og omsorg"
"1210",50,1,3,3,"30",5,5,5,5,4,5,5,5,5,5,2,2,5,2,2,FALSE,FALSE,"Helse og omsorg"
"1213",31,1,1,2,"14",4,5,4,5,6,4,3,3,2,4,1,3,3,2,6,TRUE,FALSE,"Helse og omsorg"
"1216",30,1,2,3,"8",5,5,6,6,6,2,1,1,2,2,5,1,1,2,1,FALSE,FALSE,"Helse og omsorg"
"1218",61,1,3,4,"40",2,5,2,2,2,2,2,5,1,2,2,1,1,1,1,FALSE,FALSE,"Helse og omsorg"
"1219",38,2,3,2,"20",6,5,6,6,6,5,4,4,4,4,2,2,2,5,2,FALSE,FALSE,"Olje og gass"
"1220",54,2,1,2,"38",1,1,1,1,1,1,1,1,1,1,2,3,2,1,2,TRUE,FALSE,"Offentlig administrasjon"
"1221",60,1,5,2,"42",5,5,5,5,5,4,4,4,4,4,3,2,2,1,1,TRUE,FALSE,"Helse og omsorg"
"1224",29,1,2,2,"11",2,2,2,2,2,1,1,1,1,1,1,1,2,2,2,FALSE,FALSE,"Helse og omsorg"
"1225",25,1,1,3,"3",2,2,2,3,2,2,4,4,4,4,1,1,1,1,1,TRUE,FALSE,"annet"
"1226",50,1,3,3,"35",2,4,3,2,2,1,2,2,2,3,2,1,2,1,1,FALSE,TRUE,"annet"
"1227",51,1,3,4,"20",4,5,3,6,5,2,2,5,2,2,2,1,2,1,1,FALSE,FALSE,"Offentlig administrasjon"
"1228",34,2,1,1,"1",1,1,2,2,4,1,1,1,1,2,1,1,1,2,1,TRUE,FALSE,"annet"
