"","age","sex","civil_status","education","professional_experience","COMP1","COMP2","COMP3","COMP4","COMP5","CONF1","CONF2","CONF3","CONF4","CONF5","INSE1","INSE2","INSE3","INSE4","INSE5","alene","leder","bransje","kj√∏nn","complexity"
"1",41,1,3,3,"25",2,2,2,2,2,3,1,3,2,2,1,1,1,1,1,FALSE,FALSE,"Helse og omsorg","kvinne",10
"2",28,1,2,3,"5",1,1,1,3,1,1,3,3,3,3,1,1,1,1,1,FALSE,FALSE,"Annet","kvinne",7
"3",26,1,1,3,"1,5",2,2,2,2,2,1,1,1,1,1,1,1,1,1,1,TRUE,FALSE,"Helse og omsorg","kvinne",10
"4",43,2,2,3,"25",1,1,1,1,1,1,1,1,1,1,1,1,1,1,1,FALSE,FALSE,"Annet","mann",5
"5",39,2,3,2,"22",5,5,4,6,6,3,2,3,3,3,2,1,1,1,1,FALSE,TRUE,"Annet","mann",26
"6",31,1,1,4,"10",4,5,4,6,5,1,1,1,1,1,3,1,1,1,2,TRUE,FALSE,"Helse og omsorg","kvinne",24
"7",51,1,3,3,"30",4,2,3,5,3,5,1,2,1,3,5,5,3,4,3,FALSE,TRUE,"Helse og omsorg","kvinne",17
"8",48,1,3,3,"21",4,4,5,5,5,2,2,2,2,2,2,2,2,2,2,FALSE,TRUE,"Helse og omsorg","kvinne",23
"9",49,1,3,2,"29",1,1,1,3,1,1,1,1,1,1,1,1,1,1,1,FALSE,FALSE,"Helse og omsorg","kvinne",7
"10",45,2,3,3,"2006",6,4,4,6,6,6,4,4,6,6,6,4,6,2,2,FALSE,FALSE,"Helse og omsorg","mann",26
"11",26,1,1,2,"4",4,4,4,5,5,4,3,4,2,3,4,1,1,1,1,TRUE,FALSE,"Helse og omsorg","kvinne",22
"12",28,2,2,2,"5",1,3,1,1,1,4,4,4,4,2,1,1,1,1,1,FALSE,FALSE,"Annet","mann",7
"13",49,2,3,4,"24",6,6,7,7,6,6,6,6,6,6,1,1,1,1,1,FALSE,FALSE,"Helse og omsorg","mann",32
"14",61,1,3,4,"36",1,2,1,5,1,7,5,5,6,6,1,1,1,1,1,FALSE,FALSE,"Annet","kvinne",10
"15",44,1,5,4,"15",2,2,2,4,4,4,4,4,3,3,5,3,1,1,1,TRUE,FALSE,"Helse og omsorg","kvinne",14
"16",44,1,3,4,"26",3,2,2,3,3,2,1,2,2,2,1,1,1,1,1,FALSE,FALSE,"Helse og omsorg","kvinne",13
"17",56,1,3,1,"41",1,1,1,1,1,1,1,1,1,1,1,1,1,1,1,FALSE,FALSE,"Annet","kvinne",5
"18",30,1,3,3,"10",6,7,6,7,5,3,4,3,3,3,1,1,1,1,1,FALSE,FALSE,"Helse og omsorg","kvinne",31
"19",51,1,2,1,"28",4,4,4,5,5,1,1,1,1,1,3,5,5,5,5,FALSE,FALSE,"Annet","kvinne",22
"20",60,1,5,3,"40",5,5,2,5,5,5,5,6,6,4,2,2,2,2,2,TRUE,TRUE,"Annet","kvinne",22
"21",51,1,2,2,"30",5,6,6,6,6,5,3,2,2,2,2,1,2,1,1,FALSE,FALSE,"Helse og omsorg","kvinne",29
"22",42,1,2,4,"15",2,2,4,3,2,1,1,1,1,1,2,2,2,2,2,FALSE,FALSE,"Annet","kvinne",13
"23",47,1,3,2,"23",6,6,6,5,6,4,2,2,2,2,2,1,1,1,1,FALSE,FALSE,"Helse og omsorg","kvinne",29
"24",51,1,1,2,"28",4,5,4,3,2,2,1,1,1,1,2,1,4,4,3,TRUE,FALSE,"Annet","kvinne",18
"25",51,1,1,4,"25",5,4,4,5,5,1,1,2,1,1,1,1,1,1,1,TRUE,FALSE,"Helse og omsorg","kvinne",23
"26",51,1,2,2,"32",4,5,2,2,2,2,2,2,2,4,5,4,5,1,3,FALSE,FALSE,"Annet","kvinne",15
"27",56,1,1,3,"29",2,2,2,2,3,2,4,3,3,2,2,1,2,1,1,TRUE,FALSE,"Annet","kvinne",11
"28",27,1,2,3,"9",2,3,3,3,4,3,4,5,3,3,3,3,3,3,3,FALSE,FALSE,"Helse og omsorg","kvinne",15
"29",24,1,1,3,"1",5,6,6,5,5,6,6,6,5,5,2,1,1,1,1,TRUE,FALSE,"Helse og omsorg","kvinne",27
"30",34,1,2,3,"16",4,5,3,4,7,7,7,7,7,7,2,1,1,1,1,FALSE,FALSE,"Helse og omsorg","kvinne",23
"31",43,1,2,3,"19",4,3,2,4,4,1,1,1,1,1,2,2,2,1,1,FALSE,FALSE,"Helse og omsorg","kvinne",17
"32",26,1,2,3,"3",1,2,3,3,4,1,1,2,2,2,1,1,1,1,1,FALSE,FALSE,"Helse og omsorg","kvinne",13
"33",49,1,3,4,"19",4,4,4,6,6,2,2,3,2,3,5,3,2,2,2,FALSE,FALSE,"Helse og omsorg","kvinne",24
"34",24,1,1,3,"1",2,2,2,2,2,2,2,2,2,2,2,1,1,1,1,TRUE,FALSE,"Annet","kvinne",10
"35",54,1,2,4,"30",4,4,4,6,4,4,4,4,4,4,1,1,1,1,1,FALSE,FALSE,"Annet","kvinne",22
"36",33,1,2,3,"4",5,6,6,7,7,1,1,1,1,1,5,1,1,1,1,FALSE,FALSE,"Helse og omsorg","kvinne",31
"37",33,1,2,4,"11",1,1,1,1,1,1,1,1,1,1,1,1,1,1,1,FALSE,FALSE,"Helse og omsorg","kvinne",5
"38",31,2,2,2,"10",1,1,1,1,1,1,1,2,2,2,1,1,1,1,1,FALSE,FALSE,"Annet","mann",5
"39",35,1,2,2,"19",6,6,5,7,4,6,1,5,4,4,3,1,1,1,1,FALSE,FALSE,"Helse og omsorg","kvinne",28
"40",42,1,1,2,"22",1,1,1,1,1,1,1,1,1,1,1,1,1,1,1,TRUE,FALSE,"Annet","kvinne",5
"41",58,1,2,3,"33",2,2,2,2,2,2,2,2,2,2,2,2,2,2,2,FALSE,FALSE,"Annet","kvinne",10
"42",43,1,2,3,"22",1,2,2,2,2,1,1,1,1,1,1,1,1,2,1,FALSE,FALSE,"Helse og omsorg","kvinne",9
"43",61,2,3,2,"46",1,1,4,5,5,1,1,1,1,1,4,5,5,1,5,FALSE,FALSE,"Helse og omsorg","mann",16
"44",28,3,6,4,"5",1,1,1,1,1,1,1,1,1,1,1,1,1,1,1,TRUE,TRUE,"Annet","kvinne",5
"45",24,1,2,3,"2",2,2,2,2,2,4,2,3,2,2,4,6,5,6,4,FALSE,FALSE,"Helse og omsorg","kvinne",10
"46",34,2,1,2,"13",2,2,2,4,2,1,1,1,1,1,1,1,1,1,1,TRUE,TRUE,"Annet","mann",12
"47",38,1,5,2,"20",1,1,1,1,1,1,1,1,1,1,1,1,1,1,1,TRUE,FALSE,"Helse og omsorg","kvinne",5
"48",38,1,3,2,"17",2,4,5,6,4,6,4,6,6,6,6,2,5,2,2,FALSE,FALSE,"Helse og omsorg","kvinne",21
"49",34,1,3,3,"6",2,2,2,5,4,6,6,6,5,5,1,1,1,1,1,FALSE,TRUE,"Annet","kvinne",15
"50",43,2,1,2,"10",1,5,2,2,2,4,2,2,5,5,2,2,2,1,2,TRUE,FALSE,"Annet","mann",12
"51",45,2,5,2,"25",5,6,6,5,4,2,2,5,2,2,2,5,3,5,3,TRUE,FALSE,"Annet","mann",26
"52",56,2,3,1,"40",4,6,6,6,6,3,3,3,3,3,1,1,1,1,1,FALSE,TRUE,"Annet","mann",28
"53",39,2,3,4,"17",1,1,1,1,2,2,3,3,3,3,1,1,1,1,1,FALSE,TRUE,"Annet","mann",6
"54",50,2,2,3,"20",1,1,1,1,1,1,1,1,1,1,1,1,1,1,1,FALSE,FALSE,"Helse og omsorg","mann",5
"55",49,2,1,4,"23",7,6,6,5,7,5,5,5,4,5,2,4,4,4,5,TRUE,TRUE,"Helse og omsorg","mann",31
"56",53,2,3,4,"30",1,1,1,3,5,3,1,3,1,2,1,1,1,1,1,FALSE,TRUE,"Annet","mann",11
"57",36,1,1,3,"8",1,1,1,1,1,1,1,1,1,1,4,1,4,1,1,TRUE,FALSE,"Helse og omsorg","kvinne",5
"58",52,1,5,3,"12",6,6,5,7,5,5,6,6,7,7,3,2,5,1,1,TRUE,FALSE,"Helse og omsorg","kvinne",29
"59",64,2,1,3,"48",5,5,1,1,1,1,1,1,1,1,1,1,1,1,1,TRUE,TRUE,"Annet","mann",13
"60",46,1,6,3,"27",5,5,6,6,5,3,5,5,5,1,1,1,1,1,1,TRUE,FALSE,"Helse og omsorg","kvinne",27
"61",35,1,1,3,"7",2,3,2,6,5,2,2,5,2,6,1,1,1,1,1,TRUE,FALSE,"Annet","kvinne",18
"62",45,1,2,3,"9",3,5,2,5,3,4,4,4,3,4,7,6,7,6,6,FALSE,FALSE,"Annet","kvinne",18
"63",28,1,2,3,"8",1,1,1,1,1,1,1,1,1,1,1,1,1,1,1,FALSE,FALSE,"Annet","kvinne",5
"64",29,2,1,4,"3",2,2,1,5,5,1,5,5,5,5,1,1,1,1,1,TRUE,FALSE,"Annet","mann",15
"65",48,1,5,3,"28",5,5,6,7,7,7,7,7,7,7,4,2,2,1,2,TRUE,FALSE,"Helse og omsorg","kvinne",30
"66",56,1,3,4,"30",2,3,3,5,6,1,1,1,1,1,1,1,1,1,1,FALSE,FALSE,"Annet","kvinne",19
"67",39,1,2,2,"16",5,5,4,7,7,3,3,3,3,3,2,2,2,1,1,FALSE,FALSE,"Helse og omsorg","kvinne",28
"68",36,1,3,3,"13",2,2,2,2,2,2,2,2,2,2,2,2,2,2,2,FALSE,TRUE,"Annet","kvinne",10
"69",30,1,2,3,"12",2,2,3,6,7,3,3,3,2,5,4,4,3,3,2,FALSE,FALSE,"Annet","kvinne",20
"70",41,1,1,4,"17",2,2,1,4,3,2,3,2,2,2,1,2,2,2,2,TRUE,FALSE,"Annet","kvinne",12
"71",29,1,2,4,"6",4,2,3,6,5,7,6,6,4,4,3,2,2,3,3,FALSE,FALSE,"Annet","kvinne",20
"72",56,1,3,3,"25",1,1,3,5,3,2,2,2,2,2,2,2,2,2,2,FALSE,FALSE,"Helse og omsorg","kvinne",13
"73",57,1,3,4,"35",1,1,1,1,1,1,1,1,1,1,1,1,1,1,1,FALSE,FALSE,"Annet","kvinne",5
"74",38,1,3,3,"20",5,5,5,3,4,4,2,2,3,3,1,1,1,1,1,FALSE,FALSE,"Helse og omsorg","kvinne",22
"75",51,2,3,1,"30",3,2,2,5,3,2,2,2,2,2,1,2,1,2,1,FALSE,FALSE,"Helse og omsorg","mann",15
"76",44,1,1,2,"23",4,3,3,4,4,1,1,1,1,2,2,1,1,1,1,TRUE,FALSE,"Helse og omsorg","kvinne",18
"77",33,1,2,4,"10",2,3,3,3,2,1,1,1,1,1,1,1,1,1,1,FALSE,TRUE,"Helse og omsorg","kvinne",13
"78",41,1,3,4,"18",1,1,1,2,2,1,1,1,1,1,1,1,1,1,1,FALSE,FALSE,"Helse og omsorg","kvinne",7
"79",23,1,1,2,"7",2,2,2,4,2,3,3,3,3,3,2,1,2,2,2,TRUE,FALSE,"Helse og omsorg","kvinne",12
"80",42,1,1,4,"16",5,5,3,5,2,3,3,2,2,2,3,4,4,3,5,TRUE,FALSE,"Helse og omsorg","kvinne",20
"81",34,1,2,2,"16",1,1,1,1,1,3,3,3,3,3,1,1,1,1,1,FALSE,FALSE,"Annet","kvinne",5
"82",40,1,2,3,"20",2,3,2,4,1,4,5,5,4,5,1,1,1,1,1,FALSE,FALSE,"Helse og omsorg","kvinne",12
"83",33,1,1,2,"12",6,7,7,7,7,5,5,6,6,5,4,2,2,1,2,TRUE,FALSE,"Helse og omsorg","kvinne",34
"84",31,1,2,3,"10",3,4,3,3,3,3,3,2,2,2,2,2,2,2,2,FALSE,FALSE,"Helse og omsorg","kvinne",16
"85",38,2,1,4,"10",1,2,1,1,4,2,2,2,1,2,1,1,1,1,1,TRUE,TRUE,"Helse og omsorg","mann",9
"86",41,1,3,4,"20",1,1,5,5,5,2,7,7,5,5,1,1,1,1,1,FALSE,FALSE,"Annet","kvinne",17
"87",34,1,5,3,"10",5,6,5,6,6,4,4,4,4,4,6,2,4,2,2,TRUE,FALSE,"Helse og omsorg","kvinne",28
"88",49,1,3,2,"16",4,4,5,7,5,7,7,7,7,6,5,2,4,3,2,FALSE,FALSE,"Helse og omsorg","kvinne",25
"89",65,2,3,4,"40",1,1,2,4,5,1,3,3,1,2,1,1,1,1,1,FALSE,TRUE,"Annet","mann",13
"90",42,2,3,2,"20",3,3,2,2,3,3,3,3,4,4,1,1,4,1,1,FALSE,FALSE,"Annet","mann",13
"91",35,1,2,3,"17",6,6,5,6,6,5,5,5,2,6,2,2,2,2,2,FALSE,FALSE,"Helse og omsorg","kvinne",29
"92",24,1,2,3,"4",3,3,2,4,2,1,1,2,2,2,1,1,1,2,1,FALSE,FALSE,"Annet","kvinne",14
"93",33,2,2,1,"8",1,1,1,1,1,1,1,1,1,1,1,1,1,1,1,FALSE,FALSE,"Annet","mann",5
"94",33,2,1,3,"8",6,6,6,6,6,2,2,2,2,2,2,1,1,1,1,TRUE,FALSE,"Helse og omsorg","mann",30
"95",25,1,2,3,"7",3,5,6,7,7,6,7,5,2,5,1,2,2,3,2,FALSE,FALSE,"Helse og omsorg","kvinne",28
"96",56,1,1,2,"34",7,7,7,7,7,4,2,2,4,4,2,4,4,2,2,TRUE,FALSE,"Helse og omsorg","kvinne",35
"97",56,1,3,3,"34",4,4,4,5,4,4,2,2,2,2,3,3,4,3,3,FALSE,FALSE,"Helse og omsorg","kvinne",21
"98",50,1,2,3,"37",3,3,2,3,3,3,1,2,1,2,3,3,2,1,2,FALSE,TRUE,"Annet","kvinne",14
"99",33,1,2,3,"9",5,4,5,5,3,3,2,4,2,3,1,1,1,1,1,FALSE,FALSE,"Helse og omsorg","kvinne",22
"100",32,1,2,4,"14",2,4,3,6,6,3,3,3,4,3,1,2,4,1,1,FALSE,FALSE,"Annet","kvinne",21
"101",46,2,3,2,"25",1,1,1,1,1,3,3,3,2,2,1,1,1,1,1,FALSE,FALSE,"Annet","mann",5
"102",36,1,1,3,"14",4,5,5,5,7,1,1,1,1,3,2,5,5,2,2,TRUE,TRUE,"Helse og omsorg","kvinne",26
"103",46,1,3,4,"23",2,2,2,2,2,3,3,5,5,6,1,1,1,1,1,FALSE,FALSE,"Annet","kvinne",10
"104",23,2,1,3,"5",5,5,5,6,6,4,3,4,4,4,3,1,1,1,1,TRUE,FALSE,"Helse og omsorg","mann",27
"105",35,1,3,2,"16",4,5,2,4,3,2,2,2,2,2,1,1,1,1,1,FALSE,FALSE,"Helse og omsorg","kvinne",18
"106",21,2,1,2,"2",1,1,1,1,1,1,1,1,1,1,1,1,1,1,1,TRUE,FALSE,"Annet","mann",5
"107",53,2,3,4,"25",1,4,5,6,7,1,1,1,1,1,1,1,1,1,1,FALSE,TRUE,"Helse og omsorg","mann",23
"108",60,2,3,2,"40",2,2,2,3,3,2,4,4,4,4,2,2,2,2,2,FALSE,TRUE,"Annet","mann",12
"109",49,1,5,4,"20",5,5,2,2,2,2,2,2,2,2,2,2,2,2,2,TRUE,FALSE,"Annet","kvinne",16
"110",54,1,5,2,"34",5,2,2,3,3,2,2,3,2,3,3,4,3,3,3,TRUE,FALSE,"Annet","kvinne",15
"111",61,1,3,2,"47",5,5,3,6,6,5,2,5,3,2,3,3,2,2,1,FALSE,FALSE,"Helse og omsorg","kvinne",25
"112",51,2,3,4,"35",1,4,2,2,2,2,2,2,2,2,1,2,2,2,2,FALSE,TRUE,"Annet","mann",11
"113",53,1,3,3,"27",2,3,2,7,4,1,1,1,1,1,1,1,1,1,1,FALSE,FALSE,"Helse og omsorg","kvinne",18
"114",28,2,2,3,"5",4,4,4,5,4,3,3,4,3,4,2,2,2,1,1,FALSE,FALSE,"Helse og omsorg","mann",21
"115",43,1,2,3,"21",2,1,2,3,2,4,4,4,2,2,1,1,1,1,1,FALSE,FALSE,"Helse og omsorg","kvinne",10
"116",44,1,3,3,"20",1,1,2,4,1,1,1,1,1,1,1,1,1,1,1,FALSE,FALSE,"Helse og omsorg","kvinne",9
"117",27,1,1,4,"2",1,1,2,3,3,2,1,2,2,2,1,1,2,1,2,TRUE,FALSE,"Annet","kvinne",10
"118",57,1,3,4,"22",5,6,6,4,7,6,5,5,4,5,1,1,2,1,1,FALSE,FALSE,"Annet","kvinne",28
"119",42,1,2,3,"1",5,6,5,5,5,2,2,2,2,2,2,2,2,1,2,FALSE,FALSE,"Helse og omsorg","kvinne",26
"120",43,1,5,3,"16",7,7,7,7,7,3,2,2,2,2,6,2,2,1,1,TRUE,FALSE,"Helse og omsorg","kvinne",35
"121",28,1,2,2,"10",2,2,2,3,4,1,5,5,5,5,2,1,1,2,1,FALSE,TRUE,"Annet","kvinne",13
"122",38,1,1,4,"15",5,4,3,6,6,1,1,1,1,1,1,1,1,1,1,TRUE,FALSE,"Annet","kvinne",24
"123",36,1,3,3,"1",6,6,7,7,7,6,5,6,6,6,4,2,4,1,1,FALSE,FALSE,"Helse og omsorg","kvinne",33
"124",42,1,2,4,"15",1,1,1,1,1,1,1,1,1,1,1,1,1,1,1,FALSE,TRUE,"Annet","kvinne",5
"125",38,1,2,4,"15",5,5,4,6,6,7,6,6,7,7,3,1,1,1,1,FALSE,TRUE,"Helse og omsorg","kvinne",26
"126",44,1,1,4,"25",1,1,1,1,1,1,1,1,1,1,1,1,1,1,1,TRUE,FALSE,"Helse og omsorg","kvinne",5
"127",20,1,1,2,"2",5,7,5,7,7,1,4,4,1,1,7,2,1,1,3,TRUE,FALSE,"Helse og omsorg","kvinne",31
"128",24,2,1,3,"4",3,3,2,4,4,1,2,1,1,1,1,1,1,1,1,TRUE,FALSE,"Helse og omsorg","mann",16
"129",43,1,6,3,"18",5,5,6,7,7,1,1,1,1,1,1,1,1,1,1,TRUE,FALSE,"Helse og omsorg","kvinne",30
"130",51,2,5,2,"33",1,1,1,4,3,4,2,4,3,3,1,1,1,1,1,TRUE,TRUE,"Annet","mann",10
"131",48,1,1,3,"22",5,1,2,2,2,1,1,1,1,1,1,1,1,1,1,TRUE,FALSE,"Helse og omsorg","kvinne",12
"132",43,1,3,4,"30",1,1,1,2,2,6,6,6,6,7,1,1,2,1,1,FALSE,FALSE,"Annet","kvinne",7
"133",37,1,3,3,"12",3,2,2,3,2,4,5,5,5,5,1,1,1,1,1,FALSE,FALSE,"Annet","kvinne",12
"134",50,2,3,2,"33",3,6,4,5,4,4,4,5,5,5,2,2,3,2,2,FALSE,TRUE,"Annet","mann",22
"135",56,2,1,2,"37",1,1,1,1,1,1,1,1,1,1,2,2,2,4,3,TRUE,TRUE,"Annet","mann",5
"136",35,1,2,3,"9",6,6,5,6,5,2,1,1,1,1,2,1,1,1,1,FALSE,FALSE,"Helse og omsorg","kvinne",28
"137",34,1,2,2,"13",5,5,6,7,7,4,4,6,4,4,2,2,3,1,1,FALSE,FALSE,"Helse og omsorg","kvinne",30
"138",54,1,3,2,"32",7,7,7,7,6,4,1,1,1,4,1,2,2,1,1,FALSE,FALSE,"Annet","kvinne",34
"139",43,1,4,3,"24",4,2,2,2,1,1,1,1,1,1,1,1,1,1,1,TRUE,FALSE,"Annet","kvinne",11
"140",36,1,3,3,"20",5,7,6,7,6,6,5,4,5,5,2,1,1,1,1,FALSE,FALSE,"Helse og omsorg","kvinne",31
"141",45,1,3,4,"30",1,1,1,1,1,1,4,4,2,4,1,1,1,1,1,FALSE,FALSE,"Annet","kvinne",5
"142",58,1,3,4,"34",4,4,4,5,6,6,6,6,4,4,2,2,2,2,2,FALSE,FALSE,"Annet","kvinne",23
"143",38,1,2,4,"15",5,5,5,6,6,3,2,6,3,6,2,2,2,1,1,FALSE,FALSE,"Helse og omsorg","kvinne",27
"144",44,1,3,3,"22",3,3,3,3,3,3,2,3,2,3,3,4,3,3,3,FALSE,FALSE,"Helse og omsorg","kvinne",15
"145",52,1,1,4,"20",5,4,2,5,2,2,6,6,5,6,2,2,2,2,2,TRUE,TRUE,"Helse og omsorg","kvinne",18
"146",53,1,1,2,"25",4,5,5,6,5,6,6,6,6,5,4,5,4,3,3,TRUE,FALSE,"Helse og omsorg","kvinne",25
"147",39,1,3,4,"15",3,1,2,5,5,5,4,4,2,3,2,2,2,2,2,FALSE,FALSE,"Annet","kvinne",16
"148",44,1,3,3,"22",2,3,2,5,5,5,2,2,2,2,5,5,5,5,5,FALSE,FALSE,"Helse og omsorg","kvinne",17
"149",33,1,3,3,"10",4,4,5,6,6,3,1,1,1,1,4,1,2,1,1,FALSE,FALSE,"Helse og omsorg","kvinne",25
"150",33,2,3,4,"9,5",2,2,2,4,3,2,1,1,3,2,3,3,2,4,3,FALSE,FALSE,"Annet","mann",13
"151",31,1,2,2,"10",5,5,5,4,4,2,2,2,2,2,2,2,2,2,2,FALSE,FALSE,"Helse og omsorg","kvinne",23
"152",52,2,5,2,"32",3,4,5,5,5,3,3,3,3,3,3,3,2,2,2,TRUE,FALSE,"Annet","mann",22
"153",47,1,2,2,"29",2,2,2,3,3,1,1,1,1,1,1,2,3,2,2,FALSE,FALSE,"Annet","kvinne",12
"154",26,1,2,4,"3",5,6,4,7,6,3,4,5,5,5,2,2,2,2,2,FALSE,FALSE,"Annet","kvinne",28
"155",25,1,2,3,"8",2,2,2,2,2,1,1,1,1,2,1,1,2,1,1,FALSE,FALSE,"Helse og omsorg","kvinne",10
"156",50,1,5,3,"33",4,2,4,5,2,4,2,2,2,2,1,1,1,1,1,TRUE,FALSE,"Helse og omsorg","kvinne",17
"157",37,1,3,3,"12",3,7,5,7,6,6,6,5,3,3,3,4,5,1,3,FALSE,FALSE,"Helse og omsorg","kvinne",28
"158",31,1,3,2,"12",4,2,5,6,5,4,1,4,3,2,2,2,3,1,3,FALSE,FALSE,"Helse og omsorg","kvinne",22
"159",36,1,4,3,"17",1,1,1,1,1,1,1,1,1,1,1,1,1,1,1,TRUE,FALSE,"Helse og omsorg","kvinne",5
"160",44,1,3,3,"22",6,6,7,6,6,4,4,4,5,5,6,3,6,3,7,FALSE,FALSE,"Helse og omsorg","kvinne",31
"161",55,1,3,3,"30",5,6,6,6,6,7,6,6,6,6,4,5,5,5,3,FALSE,FALSE,"Helse og omsorg","kvinne",29
"162",36,1,2,2,"18",1,1,1,1,1,4,6,6,6,6,7,7,7,6,7,FALSE,FALSE,"Annet","kvinne",5
"163",33,1,3,2,"15",7,7,7,7,7,3,2,2,2,2,3,5,5,3,3,FALSE,FALSE,"Helse og omsorg","kvinne",35
"164",38,1,2,2,"20",2,2,3,1,1,1,1,1,1,1,1,1,1,1,1,FALSE,FALSE,"Annet","kvinne",9
"165",39,1,1,4,"10",3,3,2,5,4,2,2,2,2,2,2,1,1,1,1,TRUE,FALSE,"Helse og omsorg","kvinne",17
"166",20,1,1,3,"3",5,4,5,6,5,7,3,6,5,4,1,2,2,1,2,TRUE,FALSE,"Helse og omsorg","kvinne",25
"167",42,2,1,3,"19",6,6,4,7,7,1,1,6,5,1,2,2,2,2,2,TRUE,FALSE,"Annet","mann",30
"168",47,1,5,3,"30",2,2,2,5,5,2,2,2,2,2,3,5,5,5,4,TRUE,FALSE,"Annet","kvinne",16
"169",46,1,5,2,"20",3,4,5,6,6,2,2,2,2,2,3,1,1,1,1,TRUE,FALSE,"Helse og omsorg","kvinne",24
"170",35,1,1,3,"15",4,4,3,4,2,2,2,4,2,2,2,2,2,2,2,TRUE,FALSE,"Helse og omsorg","kvinne",17
"171",42,1,3,3,"15",5,6,5,2,2,7,6,6,6,6,5,2,2,2,2,FALSE,TRUE,"Annet","kvinne",20
"172",51,1,2,3,"35",2,1,2,2,2,3,4,4,2,2,1,2,2,2,2,FALSE,FALSE,"Annet","kvinne",9
"173",48,1,3,4,"20",2,2,2,6,5,4,2,2,2,2,1,1,2,1,1,FALSE,FALSE,"Helse og omsorg","kvinne",17
"174",55,1,2,2,"37",5,5,6,6,6,4,5,4,4,4,4,6,6,4,5,FALSE,FALSE,"Helse og omsorg","kvinne",28
"175",62,1,4,2,"42",1,6,6,6,6,4,3,3,4,4,5,4,1,1,1,TRUE,FALSE,"Helse og omsorg","kvinne",25
"176",31,2,1,2,"12",1,1,1,2,1,3,2,4,3,2,1,1,1,1,1,TRUE,FALSE,"Annet","mann",6
"177",26,1,2,2,"6",4,5,6,4,7,1,1,3,1,1,4,2,1,3,1,FALSE,FALSE,"Helse og omsorg","kvinne",26
"178",24,1,1,3,"4,5",3,3,4,5,4,4,3,4,4,4,5,3,4,1,2,TRUE,FALSE,"Helse og omsorg","kvinne",19
"179",44,1,3,4,"22",1,5,2,7,5,5,6,7,7,7,1,1,1,1,1,FALSE,TRUE,"Helse og omsorg","kvinne",20
"180",40,1,1,4,"17",4,4,4,5,6,5,5,5,5,5,2,1,1,1,1,TRUE,FALSE,"Annet","kvinne",23
"181",42,1,3,2,"20",7,7,7,7,7,7,7,7,7,7,7,7,7,7,7,FALSE,FALSE,"Helse og omsorg","kvinne",35
"182",60,1,3,3,"35",5,6,5,6,6,1,1,1,1,1,1,1,1,1,1,FALSE,FALSE,"Helse og omsorg","kvinne",28
"183",42,1,3,3,"15",4,4,4,5,5,4,4,5,4,4,5,2,4,3,3,FALSE,FALSE,"Helse og omsorg","kvinne",22
"184",34,1,2,2,"7",5,5,5,6,5,2,5,4,2,2,2,5,3,1,1,FALSE,FALSE,"Helse og omsorg","kvinne",26
"185",41,1,3,3,"8",5,6,4,2,6,4,2,4,4,5,3,2,2,4,2,FALSE,FALSE,"Helse og omsorg","kvinne",23
"186",42,1,2,3,"21",5,5,4,5,4,1,1,1,1,1,1,1,1,1,1,FALSE,FALSE,"Helse og omsorg","kvinne",23
"187",33,1,3,4,"12",4,3,5,6,6,7,6,7,7,5,1,1,2,1,1,FALSE,FALSE,"Helse og omsorg","kvinne",24
"188",57,1,3,4,"22",1,1,2,5,4,4,4,5,5,5,1,1,1,1,1,FALSE,FALSE,"Annet","kvinne",13
"189",34,1,2,3,"15",2,5,4,6,4,3,1,2,1,1,1,1,1,1,1,FALSE,FALSE,"Helse og omsorg","kvinne",21
"190",31,1,2,4,"10",4,7,7,7,7,1,1,1,1,1,3,3,1,1,1,FALSE,FALSE,"Helse og omsorg","kvinne",32
"191",42,1,2,3,"23",5,5,3,5,5,2,2,2,1,1,1,1,1,1,1,FALSE,FALSE,"Helse og omsorg","kvinne",23
"192",39,1,2,2,"22",3,4,2,6,3,1,5,5,3,3,1,1,1,1,1,FALSE,TRUE,"Annet","kvinne",18
"193",44,1,2,3,"20",5,5,5,7,6,5,2,5,5,5,4,2,2,2,2,FALSE,FALSE,"Helse og omsorg","kvinne",28
"194",36,1,2,3,"20",7,7,4,4,7,5,5,5,5,5,1,1,1,1,1,FALSE,FALSE,"Helse og omsorg","kvinne",29
"195",24,1,1,3,"2",2,2,3,2,1,1,2,4,3,4,2,2,2,2,2,TRUE,FALSE,"Annet","kvinne",10
"196",54,1,1,2,"33",1,2,1,4,4,5,5,5,4,4,1,2,2,2,2,TRUE,FALSE,"Helse og omsorg","kvinne",12
"197",47,1,2,2,"30",2,2,1,2,2,1,1,2,2,1,2,2,2,1,1,FALSE,FALSE,"Annet","kvinne",9
"198",36,1,2,3,"20",7,1,4,4,1,1,2,2,1,4,1,1,1,1,1,FALSE,FALSE,"Annet","kvinne",17
"199",49,1,2,3,"30",2,2,2,5,5,6,5,7,6,5,1,1,7,1,1,FALSE,FALSE,"Helse og omsorg","kvinne",16
"200",30,2,1,2,"3",2,2,2,2,2,1,2,2,2,2,2,2,2,6,5,TRUE,FALSE,"Helse og omsorg","mann",10
"201",22,1,2,3,"2",4,5,2,5,4,2,1,1,2,2,4,3,4,3,3,FALSE,FALSE,"Helse og omsorg","kvinne",20
"202",36,1,2,4,"13",1,1,1,1,1,1,3,3,3,2,1,1,1,1,1,FALSE,FALSE,"Helse og omsorg","kvinne",5
"203",39,1,3,3,"15",4,7,6,6,3,4,6,6,4,4,4,2,3,4,4,FALSE,FALSE,"Helse og omsorg","kvinne",26
"204",62,1,5,2,"46",1,1,1,1,1,1,1,1,1,1,1,1,1,1,1,TRUE,TRUE,"Annet","kvinne",5
"205",35,2,3,4,"",5,5,5,6,7,2,1,1,2,1,1,2,2,1,2,FALSE,FALSE,"Helse og omsorg","mann",28
"206",53,1,5,2,"30",2,2,2,4,5,2,6,6,4,2,2,1,1,1,1,TRUE,FALSE,"Annet","kvinne",15
"207",55,1,3,4,"28",3,2,3,5,5,3,5,5,3,5,2,1,1,1,1,FALSE,FALSE,"Annet","kvinne",18
"208",23,1,1,3,"2",2,4,2,3,3,2,2,2,2,2,2,2,2,2,2,TRUE,FALSE,"Helse og omsorg","kvinne",14
"209",38,1,2,4,"13",1,1,1,1,1,1,1,1,1,1,1,1,1,1,1,FALSE,FALSE,"Helse og omsorg","kvinne",5
"210",29,1,1,3,"10",1,1,1,2,2,2,2,3,2,2,1,1,1,1,1,TRUE,FALSE,"Annet","kvinne",7
"211",58,1,5,2,"42",3,4,4,6,5,2,1,1,2,2,2,1,2,1,1,TRUE,FALSE,"Helse og omsorg","kvinne",22
"212",35,1,1,4,"10",3,2,2,2,2,5,3,4,2,2,2,1,1,1,1,TRUE,FALSE,"Helse og omsorg","kvinne",11
"213",58,1,5,2,"35",3,2,3,4,3,3,1,1,1,1,2,2,2,2,2,TRUE,FALSE,"Annet","kvinne",15
"214",31,1,2,2,"12",4,5,4,2,2,2,2,2,3,3,4,2,3,2,2,FALSE,FALSE,"Helse og omsorg","kvinne",17
"215",41,1,3,4,"15",2,2,3,4,4,5,5,5,6,6,6,3,3,2,2,FALSE,TRUE,"Helse og omsorg","kvinne",15
"216",52,1,3,3,"27",1,4,4,7,5,1,1,1,1,3,1,1,1,1,1,FALSE,FALSE,"Helse og omsorg","kvinne",21
"217",58,1,2,2,"30",2,1,1,2,1,1,4,4,5,5,1,1,1,1,1,FALSE,FALSE,"Helse og omsorg","kvinne",7
"218",49,2,1,2,"35",1,1,2,3,3,2,1,2,2,2,2,3,2,1,3,TRUE,TRUE,"Annet","mann",10
"219",50,2,5,4,"22",4,4,3,1,5,5,6,5,6,5,1,1,1,1,1,TRUE,TRUE,"Annet","mann",17
"220",54,1,1,2,"42",3,5,1,4,5,6,1,5,2,5,1,1,1,1,1,TRUE,TRUE,"Annet","kvinne",18
"221",50,1,2,3,"27",5,2,6,6,4,6,6,6,4,4,7,1,2,1,7,FALSE,FALSE,"Helse og omsorg","kvinne",23
"222",55,1,3,4,"40",4,6,6,7,7,7,7,7,7,7,7,1,1,1,1,FALSE,FALSE,"Helse og omsorg","kvinne",30
"223",56,1,3,4,"34",1,1,1,1,7,7,7,7,7,7,1,1,1,1,1,FALSE,TRUE,"Annet","kvinne",11
"224",50,1,5,3,"28",1,1,1,1,2,1,3,3,3,3,1,1,1,1,1,TRUE,FALSE,"Annet","kvinne",6
"225",61,1,3,4,"36",4,4,3,5,2,5,5,6,5,5,2,2,2,2,2,FALSE,FALSE,"Annet","kvinne",18
"226",40,1,2,4,"22",6,6,6,6,7,7,6,6,5,6,2,2,2,2,2,FALSE,TRUE,"Helse og omsorg","kvinne",31
"227",33,1,1,2,"13",2,7,2,4,5,3,3,3,3,3,3,2,3,1,1,TRUE,FALSE,"Helse og omsorg","kvinne",20
"228",39,1,3,3,"16",1,2,1,1,1,4,5,4,4,3,2,2,2,1,1,FALSE,TRUE,"Helse og omsorg","kvinne",6
"229",32,1,3,3,"15",5,6,5,5,5,5,5,5,5,5,2,2,2,2,2,FALSE,FALSE,"Helse og omsorg","kvinne",26
"230",30,2,1,2,"12",3,3,3,3,2,1,1,1,1,1,1,1,1,1,1,TRUE,TRUE,"Annet","mann",14
"231",46,1,3,4,"23",2,2,2,3,2,4,5,6,6,5,1,1,1,1,1,FALSE,FALSE,"Annet","kvinne",11
"232",63,2,3,4,"",2,3,4,5,7,2,2,2,2,2,2,2,2,2,2,FALSE,TRUE,"Annet","mann",21
"233",50,1,3,2,"36",5,5,5,6,7,5,5,5,5,5,3,5,5,5,3,FALSE,FALSE,"Helse og omsorg","kvinne",28
"234",34,1,2,2,"20",4,3,2,7,6,1,1,1,1,1,1,1,1,1,1,FALSE,FALSE,"Helse og omsorg","kvinne",22
"235",48,2,3,4,"20",6,6,4,2,2,1,1,1,1,1,1,1,1,1,1,FALSE,FALSE,"Helse og omsorg","mann",20
"236",50,1,3,3,"30",5,5,5,6,6,2,2,2,2,2,3,3,2,1,2,FALSE,FALSE,"Helse og omsorg","kvinne",27
"237",33,2,3,2,"11",4,3,2,1,1,1,1,1,1,1,1,1,1,1,1,FALSE,FALSE,"Annet","mann",11
"238",33,1,1,3,"16",2,2,1,4,2,2,5,5,5,5,1,1,1,1,1,TRUE,FALSE,"Annet","kvinne",11
"239",32,1,1,3,"14",6,4,6,6,6,2,2,2,2,2,1,1,1,1,1,TRUE,FALSE,"Helse og omsorg","kvinne",28
"240",39,1,1,2,"21",4,3,3,2,2,2,4,4,4,4,2,2,2,1,1,TRUE,FALSE,"Helse og omsorg","kvinne",14
"241",43,2,3,3,"8",3,3,3,3,3,2,1,2,2,2,3,6,6,5,5,FALSE,TRUE,"Annet","mann",15
"242",32,1,3,3,"14",4,5,6,6,7,5,4,5,5,3,3,2,2,2,2,FALSE,FALSE,"Helse og omsorg","kvinne",28
"243",52,2,3,4,"20",5,5,6,6,6,7,7,7,7,7,1,1,1,1,1,FALSE,FALSE,"Helse og omsorg","mann",28
"244",34,1,1,4,"16",4,5,5,7,4,4,1,4,1,4,1,1,1,1,1,TRUE,FALSE,"Helse og omsorg","kvinne",25
"245",33,2,2,2,"15",4,5,4,6,6,4,2,2,3,2,2,2,2,2,2,FALSE,TRUE,"Annet","mann",25
"246",23,2,1,2,"5",1,1,1,2,1,1,1,1,1,1,1,1,1,1,1,TRUE,FALSE,"Annet","mann",6
"247",39,2,1,3,"15",5,7,6,7,7,3,2,2,2,2,3,1,1,1,2,TRUE,FALSE,"Helse og omsorg","mann",32
"248",51,1,3,4,"30",1,1,1,1,1,3,2,3,1,2,3,1,1,1,1,FALSE,FALSE,"Annet","kvinne",5
"249",33,1,2,3,"10",5,5,5,7,6,5,5,5,5,5,5,1,1,1,1,FALSE,FALSE,"Helse og omsorg","kvinne",28
"250",55,1,1,2,"38",4,4,5,6,4,2,1,1,1,1,1,1,1,1,1,TRUE,FALSE,"Helse og omsorg","kvinne",23
"251",54,1,5,3,"30",1,1,1,1,1,2,2,2,2,2,1,1,1,1,1,TRUE,FALSE,"Annet","kvinne",5
"252",63,2,3,4,"40",2,3,2,4,4,4,6,6,5,6,1,1,2,1,1,FALSE,TRUE,"Annet","mann",15
"253",32,1,2,2,"14",3,2,4,6,4,1,1,4,2,4,2,4,1,5,1,FALSE,FALSE,"Helse og omsorg","kvinne",19
"254",40,1,3,3,"10",2,2,2,2,1,1,1,1,1,1,1,1,1,1,1,FALSE,FALSE,"Helse og omsorg","kvinne",9
"255",49,1,2,2,"26",2,4,3,2,3,5,1,1,1,3,1,2,2,1,1,FALSE,FALSE,"Helse og omsorg","kvinne",14
"256",30,2,1,3,"13",3,7,4,4,4,1,1,1,1,1,1,1,1,1,1,TRUE,FALSE,"Helse og omsorg","mann",22
"257",50,2,1,2,"30",4,5,4,4,4,4,4,4,4,4,4,4,4,1,1,TRUE,FALSE,"Helse og omsorg","mann",21
"258",36,1,1,4,"13",6,7,5,7,7,4,1,2,1,1,5,1,5,1,1,TRUE,FALSE,"Helse og omsorg","kvinne",32
"259",30,1,2,4,"6",1,1,2,1,1,1,1,2,2,2,1,1,1,1,1,FALSE,FALSE,"Annet","kvinne",6
"260",56,1,2,3,"16",6,6,6,6,6,2,2,4,2,3,3,2,2,2,2,FALSE,FALSE,"Helse og omsorg","kvinne",30
"261",45,1,1,2,"27",4,2,4,7,6,3,1,1,1,1,1,1,1,1,1,TRUE,FALSE,"Helse og omsorg","kvinne",23
"262",42,2,3,4,"15",7,7,7,7,7,7,7,7,7,7,3,3,3,2,2,FALSE,FALSE,"Helse og omsorg","mann",35
"263",58,2,3,4,"25",3,2,2,3,4,2,1,1,1,1,1,1,1,1,1,FALSE,FALSE,"Helse og omsorg","mann",14
"264",46,1,3,3,"24",4,4,2,5,5,5,6,6,5,6,1,1,1,1,1,FALSE,FALSE,"Annet","kvinne",20
"265",35,2,2,2,"17",4,4,6,6,3,1,2,2,1,2,3,5,6,4,4,FALSE,FALSE,"Helse og omsorg","mann",23
"266",43,1,3,4,"15",1,1,2,1,1,1,1,1,2,2,1,1,1,1,1,FALSE,FALSE,"Annet","kvinne",6
"267",26,2,2,2,"9",3,5,5,4,2,5,6,5,4,5,1,1,1,1,1,FALSE,FALSE,"Annet","mann",19
"268",41,2,3,4,"",2,1,4,6,6,2,2,2,2,4,2,2,2,2,4,FALSE,FALSE,"Annet","mann",19
"269",42,1,5,2,"20",1,1,1,1,1,1,1,1,1,1,1,1,1,1,1,TRUE,FALSE,"Annet","kvinne",5
"270",67,2,3,4,"45",1,1,1,1,1,1,1,1,1,1,1,1,1,1,1,FALSE,FALSE,"Annet","mann",5
"271",53,1,5,2,"35",4,4,3,4,3,1,1,1,1,1,1,1,1,1,1,TRUE,FALSE,"Helse og omsorg","kvinne",18
"272",39,1,2,2,"18",5,7,5,7,7,1,1,1,1,1,1,1,1,1,1,FALSE,FALSE,"Helse og omsorg","kvinne",31
"273",30,1,2,2,"10",6,5,7,6,7,5,5,4,4,4,7,2,2,2,2,FALSE,FALSE,"Helse og omsorg","kvinne",31
"274",33,1,2,3,"10",5,3,6,6,6,2,1,1,1,1,2,1,2,1,1,FALSE,FALSE,"Helse og omsorg","kvinne",26
"275",41,1,1,2,"20",3,3,3,5,4,2,2,2,2,2,1,1,1,1,1,TRUE,FALSE,"Helse og omsorg","kvinne",18
"276",33,2,3,4,"8",4,4,3,5,4,5,4,5,5,5,1,1,1,1,1,FALSE,FALSE,"Annet","mann",20
"277",31,1,2,2,"12",4,6,3,7,5,5,6,7,5,6,2,1,3,1,1,FALSE,FALSE,"Helse og omsorg","kvinne",25
"278",58,1,2,2,"35",1,1,1,2,1,1,1,1,1,1,1,1,1,1,1,FALSE,FALSE,"Helse og omsorg","kvinne",6
"279",46,1,3,4,"25",5,7,2,7,7,3,4,3,3,2,2,1,1,1,1,FALSE,FALSE,"Helse og omsorg","kvinne",28
"280",28,1,2,3,"1",1,2,3,3,2,1,1,1,1,1,1,1,2,1,1,FALSE,FALSE,"Helse og omsorg","kvinne",11
"281",58,1,2,3,"30",4,3,4,5,4,3,2,2,2,2,2,4,3,2,4,FALSE,FALSE,"Helse og omsorg","kvinne",20
"282",28,1,2,2,"10",4,3,3,6,5,1,1,1,1,1,1,2,3,2,1,FALSE,FALSE,"Helse og omsorg","kvinne",21
"283",45,1,2,2,"28",6,6,5,6,6,4,3,6,7,7,1,2,2,5,3,FALSE,FALSE,"Helse og omsorg","kvinne",29
"284",54,2,2,2,"35",5,5,5,6,6,5,2,2,2,2,2,1,1,1,1,FALSE,TRUE,"Annet","mann",27
"285",58,2,1,4,"25",5,5,4,6,4,2,2,3,2,2,1,2,3,2,2,TRUE,FALSE,"Annet","mann",24
"286",32,1,3,2,"12",6,7,3,7,6,4,3,5,2,2,4,4,4,5,5,FALSE,FALSE,"Helse og omsorg","kvinne",29
"287",29,1,1,3,"7",2,1,1,3,1,1,4,4,2,3,2,2,2,3,1,TRUE,FALSE,"Annet","kvinne",8
"288",45,2,3,4,"24",4,5,3,6,6,2,5,5,2,4,1,1,1,1,1,FALSE,TRUE,"Annet","mann",24
"289",49,1,1,3,"25",6,7,6,7,7,5,5,5,5,6,6,2,2,2,2,TRUE,FALSE,"Helse og omsorg","kvinne",33
"290",51,1,6,2,"31",3,5,6,6,6,5,5,5,5,5,1,1,1,1,1,TRUE,FALSE,"Helse og omsorg","kvinne",26
"291",32,1,3,3,"13",2,2,2,2,2,2,3,3,3,3,1,1,1,1,1,FALSE,TRUE,"Helse og omsorg","kvinne",10
"292",50,1,2,3,"30",2,2,2,5,4,1,1,2,1,1,1,2,4,4,2,FALSE,FALSE,"Helse og omsorg","kvinne",15
"293",49,1,3,4,"25",1,2,1,2,1,2,2,2,1,1,1,1,1,1,1,FALSE,FALSE,"Annet","kvinne",7
"294",40,1,3,3,"19",6,4,4,7,7,5,3,5,4,4,2,1,1,1,1,FALSE,FALSE,"Helse og omsorg","kvinne",28
"295",42,1,2,3,"24",6,7,5,6,6,5,3,3,3,3,4,1,1,1,1,FALSE,FALSE,"Helse og omsorg","kvinne",30
"296",56,1,2,3,"39",5,5,5,7,6,5,5,5,5,6,2,2,2,2,2,FALSE,FALSE,"Helse og omsorg","kvinne",28
"297",37,1,3,4,"6",2,2,2,5,4,2,3,3,2,2,1,1,1,1,1,FALSE,FALSE,"Annet","kvinne",15
"298",36,1,2,4,"20",1,1,1,1,1,5,5,5,5,5,1,1,1,1,1,FALSE,FALSE,"Helse og omsorg","kvinne",5
"299",38,2,2,4,"13",5,5,5,7,6,5,3,3,5,5,2,2,2,2,2,FALSE,FALSE,"Annet","mann",28
"300",51,1,3,3,"26",2,7,2,5,7,1,1,1,1,1,1,1,1,1,1,FALSE,FALSE,"Helse og omsorg","kvinne",23
"301",35,1,2,2,"17",6,6,5,7,7,5,5,5,5,5,2,3,2,3,3,FALSE,FALSE,"Helse og omsorg","kvinne",31
"302",65,2,3,4,"35",6,6,5,5,6,4,4,3,3,3,5,3,3,2,4,FALSE,TRUE,"Annet","mann",28
"303",64,2,1,2,"45",2,2,5,6,5,4,2,4,3,2,1,1,1,1,1,TRUE,FALSE,"Helse og omsorg","mann",20
"304",51,1,3,3,"36",7,6,6,7,7,7,7,7,7,7,5,1,1,1,1,FALSE,TRUE,"Helse og omsorg","kvinne",33
"305",58,1,3,4,"34",2,2,2,5,4,5,5,5,4,4,1,1,1,1,1,FALSE,FALSE,"Annet","kvinne",15
"306",37,1,3,4,"9",2,4,2,5,5,1,2,2,1,1,5,1,1,1,1,FALSE,FALSE,"Helse og omsorg","kvinne",18
"307",65,1,2,2,"1995",6,7,7,7,7,7,4,4,4,4,4,4,4,6,6,FALSE,FALSE,"Helse og omsorg","kvinne",34
"308",44,1,3,2,"25",2,2,2,3,2,4,2,2,2,2,1,1,1,1,1,FALSE,FALSE,"Helse og omsorg","kvinne",11
"309",38,1,2,4,"20",2,4,1,1,2,1,1,1,1,1,1,1,1,2,1,FALSE,TRUE,"Helse og omsorg","kvinne",10
"310",38,1,2,2,"3",1,1,1,1,1,5,5,6,6,4,1,1,1,3,1,FALSE,FALSE,"Annet","kvinne",5
"311",40,1,2,3,"23",2,2,2,2,2,2,2,2,2,2,2,2,2,1,1,FALSE,FALSE,"Helse og omsorg","kvinne",10
"312",41,1,3,2,"15",2,2,2,1,1,4,5,6,6,4,1,1,1,1,1,FALSE,TRUE,"Annet","kvinne",8
"313",43,1,2,2,"20",4,4,3,4,4,2,2,2,2,4,2,1,2,1,2,FALSE,TRUE,"Annet","kvinne",19
"314",33,1,1,3,"4",1,1,2,3,1,1,4,5,6,5,2,2,2,1,2,TRUE,FALSE,"Annet","kvinne",8
"315",33,1,3,4,"10",1,1,1,6,2,2,4,5,2,2,1,1,1,1,1,FALSE,FALSE,"Helse og omsorg","kvinne",11
"316",43,1,1,3,"12",2,2,3,5,2,4,2,7,3,3,1,1,4,1,1,TRUE,FALSE,"Helse og omsorg","kvinne",14
"317",51,1,3,3,"27",4,5,5,5,5,2,1,1,1,1,2,2,2,1,2,FALSE,FALSE,"Helse og omsorg","kvinne",24
"318",30,2,2,3,"11",1,1,1,1,1,1,1,2,1,1,1,3,4,1,1,FALSE,FALSE,"Annet","mann",5
"319",55,1,5,2,"35",2,2,2,3,2,1,1,1,1,1,2,2,2,2,2,TRUE,FALSE,"Annet","kvinne",11
"320",63,1,1,3,"40",1,1,1,3,1,2,1,1,1,1,1,1,1,1,1,TRUE,FALSE,"Annet","kvinne",7
"321",25,1,1,3,"6",1,2,1,1,1,3,4,3,4,2,1,1,1,1,1,TRUE,FALSE,"Annet","kvinne",6
"322",49,1,3,4,"25",1,2,3,5,3,5,5,5,6,6,2,1,1,1,2,FALSE,FALSE,"Annet","kvinne",14
"323",52,2,5,3,"30",5,5,2,2,2,1,2,1,1,1,1,1,1,1,1,TRUE,FALSE,"Helse og omsorg","mann",16
"324",39,1,3,3,"20",3,3,2,4,2,2,1,2,1,3,1,1,1,1,1,FALSE,TRUE,"Helse og omsorg","kvinne",14
"325",28,1,1,3,"6",3,4,3,5,5,5,2,2,2,2,1,1,1,1,1,TRUE,FALSE,"Helse og omsorg","kvinne",20
"326",34,1,3,3,"13",2,2,2,5,2,1,6,6,2,5,1,1,1,1,1,FALSE,TRUE,"Helse og omsorg","kvinne",13
"327",61,1,5,4,"37",2,3,2,6,5,5,4,5,2,4,2,1,2,1,1,TRUE,FALSE,"Annet","kvinne",18
"328",33,1,3,4,"15",2,2,2,4,5,1,1,1,1,1,2,1,1,1,1,FALSE,FALSE,"Helse og omsorg","kvinne",15
"329",55,1,5,4,"33",5,4,4,6,5,4,2,2,2,4,3,1,1,1,1,TRUE,FALSE,"Helse og omsorg","kvinne",24
"330",52,1,3,2,"32",4,4,5,6,5,3,4,4,3,3,4,3,3,4,2,FALSE,FALSE,"Annet","kvinne",24
"331",52,1,5,4,"38",2,2,3,5,5,6,7,7,7,7,4,3,5,1,4,TRUE,FALSE,"Annet","kvinne",17
"332",62,1,3,2,"40",5,4,4,6,6,4,4,4,2,2,2,4,4,4,4,FALSE,FALSE,"Helse og omsorg","kvinne",25
"333",45,1,2,3,"30",5,6,5,6,4,2,2,1,1,1,1,2,1,1,1,FALSE,FALSE,"Helse og omsorg","kvinne",26
"334",32,1,1,4,"7",5,3,5,5,4,5,3,4,4,2,1,1,1,1,1,TRUE,FALSE,"Helse og omsorg","kvinne",22
"335",33,1,3,2,"13",1,1,2,6,4,2,1,2,2,7,1,1,2,1,1,FALSE,FALSE,"Helse og omsorg","kvinne",14
"336",46,1,3,4,"17",3,4,5,7,7,7,6,6,6,5,2,2,2,1,2,FALSE,FALSE,"Helse og omsorg","kvinne",26
"337",42,1,3,2,"19",5,5,2,5,2,5,5,6,6,6,3,2,2,1,1,FALSE,FALSE,"Helse og omsorg","kvinne",19
"338",49,2,2,2,"35",6,6,4,6,6,7,6,6,6,6,4,5,5,3,5,FALSE,TRUE,"Annet","mann",28
"339",39,1,2,4,"14",2,6,5,6,6,1,1,4,1,1,1,1,1,1,1,FALSE,FALSE,"Annet","kvinne",25
"340",38,1,3,4,"16",5,7,3,5,4,5,2,2,2,4,1,1,1,1,1,FALSE,FALSE,"Helse og omsorg","kvinne",24
"341",38,1,3,4,"6",5,6,4,4,2,3,4,6,3,3,2,1,1,1,1,FALSE,FALSE,"Helse og omsorg","kvinne",21
"342",34,1,3,3,"17",1,2,3,2,4,4,4,5,2,4,1,1,1,1,1,FALSE,FALSE,"Annet","kvinne",12
"343",27,1,2,3,"9",4,6,5,7,7,4,5,5,5,5,5,3,5,2,2,FALSE,FALSE,"Helse og omsorg","kvinne",29
"344",41,1,3,4,"17",3,3,2,2,2,2,2,2,2,2,3,1,2,1,1,FALSE,TRUE,"Helse og omsorg","kvinne",12
"345",63,2,3,4,"40",7,6,2,6,3,1,3,6,2,2,3,3,2,1,1,FALSE,TRUE,"Annet","mann",24
"346",49,1,5,4,"25",5,6,7,7,7,7,6,6,5,6,1,1,1,1,1,TRUE,TRUE,"Annet","kvinne",32
"347",39,1,5,3,"14",5,2,2,4,2,2,2,2,2,2,2,2,2,2,2,TRUE,FALSE,"Helse og omsorg","kvinne",15
"348",31,1,2,4,"12",4,7,6,7,6,6,5,4,5,5,1,1,1,1,1,FALSE,FALSE,"Helse og omsorg","kvinne",30
"349",43,1,3,3,"14",7,7,6,7,7,2,1,1,3,3,3,2,2,2,2,FALSE,FALSE,"Helse og omsorg","kvinne",34
"350",40,1,6,4,"16",1,1,1,1,1,1,1,1,1,1,1,7,1,1,1,TRUE,TRUE,"Annet","kvinne",5
"351",52,1,3,3,"20",1,1,1,1,1,1,5,5,4,5,1,1,1,1,1,FALSE,FALSE,"Annet","kvinne",5
"352",43,2,3,3,"24",2,2,1,3,4,3,4,5,4,4,2,2,2,2,1,FALSE,FALSE,"Annet","mann",12
"353",44,1,3,4,"20",4,6,7,2,2,1,1,1,1,1,1,1,1,1,1,FALSE,FALSE,"Annet","kvinne",21
"354",40,1,3,4,"13",1,1,1,2,2,2,2,3,3,2,1,1,1,1,1,FALSE,FALSE,"Helse og omsorg","kvinne",7
"355",36,1,1,3,"11",3,6,2,4,5,4,2,5,3,2,1,1,1,1,1,TRUE,FALSE,"Helse og omsorg","kvinne",20
"356",38,2,3,4,"10",2,2,4,2,2,2,2,2,2,2,1,2,2,1,1,FALSE,TRUE,"Annet","mann",12
"357",32,1,2,3,"12",3,7,7,7,7,3,3,3,3,3,3,2,3,2,2,FALSE,FALSE,"Helse og omsorg","kvinne",31
"358",41,1,2,3,"17",4,3,3,2,2,5,5,5,5,5,1,1,1,1,1,FALSE,FALSE,"Helse og omsorg","kvinne",14
"359",57,2,4,4,"32",5,5,5,6,6,3,2,2,2,2,1,1,1,1,1,TRUE,FALSE,"Annet","mann",27
"360",58,1,3,3,"35",2,2,2,2,2,4,2,4,4,4,2,2,2,2,2,FALSE,TRUE,"Annet","kvinne",10
"361",32,1,2,4,"9",4,5,4,7,7,2,1,1,1,1,1,1,1,1,1,FALSE,FALSE,"Helse og omsorg","kvinne",27
"362",29,1,2,4,"10",4,2,5,7,7,7,6,6,4,7,1,1,1,1,1,FALSE,FALSE,"Helse og omsorg","kvinne",25
"363",51,1,3,3,"15",5,5,4,5,5,3,2,2,2,3,3,3,3,1,2,FALSE,FALSE,"Annet","kvinne",24
"364",36,1,3,4,"10",5,6,6,6,6,2,1,1,1,2,4,2,2,1,2,FALSE,FALSE,"Helse og omsorg","kvinne",29
"365",50,1,1,3,"26",4,4,4,4,4,1,1,1,1,1,1,1,1,1,1,TRUE,FALSE,"Helse og omsorg","kvinne",20
"366",42,1,2,3,"3",1,3,2,2,2,2,2,2,2,2,2,2,2,2,2,FALSE,FALSE,"Helse og omsorg","kvinne",10
"367",55,1,3,3,"36",2,2,2,6,4,2,2,2,2,2,2,2,2,2,1,FALSE,FALSE,"Helse og omsorg","kvinne",16
"368",54,1,3,2,"30",5,6,5,4,5,6,2,4,2,5,6,6,6,7,6,FALSE,FALSE,"Helse og omsorg","kvinne",25
"369",49,1,3,4,"25",2,2,2,3,4,2,2,2,2,2,1,1,1,1,1,FALSE,FALSE,"Annet","kvinne",13
"370",51,1,2,2,"30",2,1,1,1,1,2,1,1,1,1,7,7,7,7,7,FALSE,FALSE,"Annet","kvinne",6
"371",45,1,3,4,"25",2,4,3,4,6,2,4,5,5,5,2,2,2,2,2,FALSE,FALSE,"Annet","kvinne",19
"372",57,1,2,3,"30",6,4,3,6,4,2,2,2,2,2,1,1,2,2,1,FALSE,FALSE,"Helse og omsorg","kvinne",23
"373",26,1,1,3,"8",3,5,4,4,2,3,3,2,2,2,2,4,4,6,6,TRUE,FALSE,"Helse og omsorg","kvinne",18
"374",41,1,3,2,"28",1,1,5,5,3,6,6,5,5,4,1,1,1,1,1,FALSE,FALSE,"Annet","kvinne",15
"375",53,2,3,3,"31",3,2,2,4,2,5,2,6,2,3,2,2,2,2,2,FALSE,FALSE,"Annet","mann",13
"376",51,1,2,3,"30",4,4,5,6,6,2,2,2,2,2,2,2,2,2,2,FALSE,FALSE,"Helse og omsorg","kvinne",25
"377",58,1,2,2,"40",6,6,6,6,6,6,1,1,1,1,1,1,1,1,1,FALSE,FALSE,"Helse og omsorg","kvinne",30
"378",32,1,1,4,"6,5",5,2,4,5,6,2,1,2,2,2,2,1,1,1,1,TRUE,FALSE,"Helse og omsorg","kvinne",22
"379",46,1,3,3,"27",1,1,1,1,1,3,4,4,4,4,1,1,1,1,1,FALSE,FALSE,"Annet","kvinne",5
"380",50,1,5,2,"30",7,7,7,7,7,7,7,6,5,5,4,4,4,4,4,TRUE,FALSE,"Helse og omsorg","kvinne",35
"381",32,2,1,4,"5",1,1,1,1,1,5,5,5,5,5,1,1,1,1,1,TRUE,FALSE,"Annet","mann",5
"382",43,2,5,3,"15",4,4,4,4,4,4,4,4,4,4,4,4,4,4,4,TRUE,TRUE,"Annet","mann",20
"383",49,1,3,2,"10",4,6,4,6,6,2,2,2,2,2,5,5,4,2,2,FALSE,FALSE,"Helse og omsorg","kvinne",26
"384",31,1,1,2,"13",3,3,6,7,7,4,1,1,1,1,1,1,1,1,1,TRUE,FALSE,"Helse og omsorg","kvinne",26
"385",42,1,2,2,"24",4,6,4,6,6,6,6,7,6,6,5,6,6,6,6,FALSE,FALSE,"Helse og omsorg","kvinne",26
"386",45,1,3,4,"25",2,2,3,2,2,4,3,5,5,5,1,1,1,1,1,FALSE,FALSE,"Annet","kvinne",11
"387",29,1,2,3,"9",2,2,2,2,2,2,1,1,1,1,2,1,1,1,1,FALSE,FALSE,"Helse og omsorg","kvinne",10
"388",64,1,5,3,"45",6,7,6,7,7,2,2,2,2,2,3,2,2,1,2,TRUE,FALSE,"Helse og omsorg","kvinne",33
"389",29,1,2,2,"11",4,4,5,3,2,1,1,1,1,1,1,1,1,3,1,FALSE,FALSE,"Helse og omsorg","kvinne",18
"390",35,1,3,4,"7",3,1,2,3,1,1,3,4,4,4,2,5,1,5,5,FALSE,FALSE,"Annet","kvinne",10
"391",42,1,2,3,"17",1,2,2,2,2,1,1,2,2,2,1,1,1,1,1,FALSE,FALSE,"Helse og omsorg","kvinne",9
"392",24,1,2,3,"4",5,5,5,7,6,2,2,2,2,2,2,4,2,2,2,FALSE,FALSE,"Helse og omsorg","kvinne",28
"393",43,1,2,2,"15",5,6,6,7,5,2,2,2,2,2,4,2,3,4,2,FALSE,FALSE,"Helse og omsorg","kvinne",29
"394",40,1,1,2,"19",3,5,4,5,4,3,3,3,3,3,1,1,1,1,1,TRUE,FALSE,"Helse og omsorg","kvinne",21
"395",60,1,3,2,"40",6,6,5,7,7,4,2,2,2,2,2,2,2,2,2,FALSE,FALSE,"Helse og omsorg","kvinne",31
"396",30,1,2,3,"8",1,1,1,5,5,6,5,6,6,6,6,6,6,6,5,FALSE,FALSE,"Annet","kvinne",13
"397",37,1,3,4,"17",4,5,3,4,3,1,1,1,1,1,2,2,2,1,1,FALSE,FALSE,"Annet","kvinne",19
"398",40,1,2,4,"20",1,1,1,3,1,1,1,1,1,1,1,1,1,2,2,FALSE,FALSE,"Annet","kvinne",7
"399",55,1,3,4,"35",5,5,5,3,3,2,1,1,1,1,2,1,1,1,1,FALSE,FALSE,"Helse og omsorg","kvinne",21
"400",59,1,2,2,"40",4,4,4,5,4,2,2,2,2,2,1,1,1,1,1,FALSE,FALSE,"Annet","kvinne",21
"401",38,1,3,3,"8",4,5,5,6,5,6,5,5,5,7,6,7,5,6,6,FALSE,FALSE,"Helse og omsorg","kvinne",25
"402",37,2,3,3,"15",2,2,2,5,5,5,2,5,5,5,2,2,2,2,2,FALSE,TRUE,"Annet","mann",16
"403",56,1,3,3,"30",7,7,7,7,7,7,7,7,7,7,7,7,7,1,3,FALSE,FALSE,"Helse og omsorg","kvinne",35
"404",48,1,2,2,"24",5,5,5,5,5,6,5,5,5,5,4,2,4,1,1,FALSE,FALSE,"Helse og omsorg","kvinne",25
"405",33,1,2,4,"10",2,4,2,5,5,1,2,5,2,2,2,2,2,2,2,FALSE,FALSE,"Annet","kvinne",18
"406",50,1,3,2,"23",4,4,5,7,7,5,5,5,5,5,4,2,2,2,2,FALSE,FALSE,"Helse og omsorg","kvinne",27
"407",36,1,1,3,"12",6,6,6,6,6,4,2,2,4,2,2,2,2,2,6,TRUE,FALSE,"Helse og omsorg","kvinne",30
"408",44,2,3,2,"26",1,1,1,1,2,1,1,1,1,1,1,1,2,1,1,FALSE,FALSE,"Annet","mann",6
"409",32,1,1,3,"9",6,6,6,5,4,6,4,4,4,4,4,4,4,3,3,TRUE,FALSE,"Helse og omsorg","kvinne",27
"410",50,1,1,4,"22",7,7,7,7,7,5,3,2,2,2,2,2,2,2,2,TRUE,FALSE,"Helse og omsorg","kvinne",35
"411",27,1,2,2,"9",6,7,5,7,5,2,3,3,2,3,3,7,7,6,5,FALSE,FALSE,"Helse og omsorg","kvinne",30
"412",54,1,3,4,"30",2,2,1,2,1,1,2,2,1,1,1,2,2,2,2,FALSE,FALSE,"Annet","kvinne",8
"413",43,1,3,2,"26",4,4,3,4,5,5,1,1,1,2,1,1,1,1,1,FALSE,FALSE,"Helse og omsorg","kvinne",20
"414",47,1,2,3,"20",4,4,4,6,5,7,4,6,4,5,3,5,3,4,3,FALSE,FALSE,"Helse og omsorg","kvinne",23
"415",37,1,1,3,"21",2,4,2,6,6,6,5,6,3,5,1,1,1,1,1,TRUE,FALSE,"Helse og omsorg","kvinne",20
"416",37,1,1,4,"5",6,6,6,7,7,4,4,6,6,6,1,1,1,1,1,TRUE,FALSE,"Annet","kvinne",32
"417",35,1,1,2,"16",2,2,2,2,3,6,3,5,3,3,1,1,1,1,1,TRUE,FALSE,"Annet","kvinne",11
"418",47,1,3,2,"27",5,6,6,6,5,6,6,6,5,5,4,2,3,2,2,FALSE,FALSE,"Helse og omsorg","kvinne",28
"419",36,1,3,3,"13",3,4,5,4,4,1,1,2,1,1,1,1,1,1,1,FALSE,FALSE,"Helse og omsorg","kvinne",20
"420",46,1,3,3,"20",4,4,4,5,5,2,2,4,2,3,5,2,2,1,1,FALSE,FALSE,"Annet","kvinne",22
"421",60,1,6,3,"42",4,3,5,6,4,2,2,2,1,1,1,1,1,1,1,TRUE,FALSE,"Helse og omsorg","kvinne",22
"422",41,1,1,2,"25",4,4,7,4,4,3,3,2,4,3,2,6,5,5,5,TRUE,FALSE,"Annet","kvinne",23
"423",46,2,2,2,"",2,4,2,6,6,4,4,7,4,4,1,1,1,1,1,FALSE,TRUE,"Annet","mann",20
"424",22,1,1,2,"1",5,2,4,6,5,1,1,1,2,1,2,4,1,6,4,TRUE,FALSE,"Annet","kvinne",22
"425",58,1,5,3,"37",5,5,2,5,3,5,3,3,3,5,3,2,3,2,2,TRUE,FALSE,"Helse og omsorg","kvinne",20
"426",53,2,3,4,"26",1,1,1,1,2,1,1,6,1,1,1,1,1,1,1,FALSE,FALSE,"Helse og omsorg","mann",6
"427",36,1,3,3,"5",3,6,2,2,2,3,2,2,2,2,1,1,1,1,1,FALSE,FALSE,"Helse og omsorg","kvinne",15
"428",33,1,1,1,"10",1,1,1,1,1,1,1,1,1,1,1,1,1,1,1,TRUE,FALSE,"Helse og omsorg","kvinne",5
"429",42,1,3,4,"16",2,2,2,2,1,2,6,6,2,5,2,2,3,5,2,FALSE,TRUE,"Helse og omsorg","kvinne",9
"430",44,1,3,2,"26",4,6,4,4,5,2,2,2,2,2,2,1,2,1,1,FALSE,FALSE,"Helse og omsorg","kvinne",23
"431",56,2,2,2,"42",4,5,5,6,4,5,6,5,5,5,5,5,5,5,4,FALSE,TRUE,"Annet","mann",24
"432",48,1,3,3,"30",4,4,2,5,3,2,2,2,2,2,1,1,1,1,1,FALSE,FALSE,"Helse og omsorg","kvinne",18
"433",34,1,1,2,"6",6,5,6,4,6,5,1,2,1,5,6,5,6,6,7,TRUE,FALSE,"Helse og omsorg","kvinne",27
"434",50,1,3,3,"23",1,1,5,6,4,1,3,7,2,2,1,2,2,3,2,FALSE,FALSE,"Annet","kvinne",17
"435",59,1,3,2,"30",2,2,2,2,2,2,2,2,2,2,2,2,2,2,1,FALSE,FALSE,"Helse og omsorg","kvinne",10
"436",37,1,3,3,"16",2,2,2,3,3,1,1,1,1,1,1,1,1,1,1,FALSE,FALSE,"Helse og omsorg","kvinne",12
"437",28,1,2,4,"5",5,7,5,5,6,2,1,1,1,2,3,1,3,1,1,FALSE,FALSE,"Helse og omsorg","kvinne",28
"438",50,1,3,4,"27",4,3,4,5,5,5,5,6,5,5,1,1,1,1,1,FALSE,FALSE,"Annet","kvinne",21
"439",28,2,2,2,"8",1,1,1,5,1,7,7,7,5,3,1,1,1,1,1,FALSE,FALSE,"Annet","mann",9
"440",31,1,2,4,"10",3,2,2,6,5,2,2,3,2,2,1,1,1,1,1,FALSE,FALSE,"Helse og omsorg","kvinne",18
"441",30,1,1,2,"1",6,6,2,7,7,5,5,6,6,7,2,4,2,2,4,TRUE,FALSE,"Helse og omsorg","kvinne",28
"442",57,1,1,3,"30",1,2,2,5,2,3,1,1,1,2,1,1,1,1,1,TRUE,TRUE,"Annet","kvinne",12
"443",35,1,2,2,"16",4,2,2,3,2,2,2,2,2,2,2,1,1,1,1,FALSE,FALSE,"Helse og omsorg","kvinne",13
"444",33,1,1,3,"10",4,6,3,6,5,1,1,1,1,1,4,1,1,1,1,TRUE,FALSE,"Helse og omsorg","kvinne",24
"445",47,2,2,3,"27",5,6,6,3,3,5,2,5,6,4,1,4,7,3,5,FALSE,TRUE,"Annet","mann",23
"446",22,1,1,3,"6",4,3,4,6,4,1,1,1,1,1,6,1,4,1,1,TRUE,FALSE,"Helse og omsorg","kvinne",21
"447",66,2,2,4,"40",1,1,2,3,2,4,3,5,2,5,1,1,1,1,1,FALSE,TRUE,"Annet","mann",9
"448",38,2,1,3,"20",2,2,4,5,3,3,2,4,2,4,1,1,1,1,1,TRUE,FALSE,"Helse og omsorg","mann",16
"449",62,1,3,4,"31",4,5,4,6,7,2,2,2,2,2,4,5,5,2,5,FALSE,FALSE,"Helse og omsorg","kvinne",26
"450",35,1,2,3,"16",5,7,4,7,6,5,5,5,5,5,3,1,1,1,1,FALSE,FALSE,"Helse og omsorg","kvinne",29
"451",48,1,2,2,"30",7,7,7,7,7,7,7,7,7,7,7,7,7,5,7,FALSE,FALSE,"Helse og omsorg","kvinne",35
"452",67,2,3,4,"38",6,6,6,7,7,5,6,6,6,6,7,6,6,6,4,FALSE,FALSE,"Annet","mann",32
"453",30,1,1,3,"10",7,7,7,7,7,5,2,3,3,3,3,3,2,3,2,TRUE,FALSE,"Helse og omsorg","kvinne",35
"454",45,1,1,3,"20",1,1,1,1,1,1,1,1,1,1,1,1,1,1,1,TRUE,TRUE,"Annet","kvinne",5
"455",39,1,3,4,"15",1,1,2,2,2,5,2,5,5,5,1,1,1,1,1,FALSE,FALSE,"Annet","kvinne",8
"456",31,1,1,4,"11",2,2,2,2,2,4,2,2,1,2,1,1,1,1,1,TRUE,FALSE,"Helse og omsorg","kvinne",10
"457",48,1,5,3,"18",1,2,2,5,2,5,5,5,5,5,1,1,1,1,1,TRUE,TRUE,"Helse og omsorg","kvinne",12
"458",38,1,2,2,"20",3,2,2,2,2,2,2,2,2,2,2,2,2,2,2,FALSE,FALSE,"Helse og omsorg","kvinne",11
"459",37,2,2,2,"15",1,1,1,1,1,2,1,1,1,1,1,1,1,1,1,FALSE,FALSE,"Helse og omsorg","mann",5
"460",33,1,1,2,"15",2,2,2,2,2,2,2,2,2,2,4,4,5,5,5,TRUE,FALSE,"Annet","kvinne",10
"461",48,1,2,3,"30",1,1,1,3,1,1,1,1,1,1,1,1,1,1,1,FALSE,FALSE,"Helse og omsorg","kvinne",7
"462",53,1,3,3,"30",7,7,6,7,7,3,3,3,3,3,4,3,3,3,3,FALSE,FALSE,"Annet","kvinne",34
"463",34,1,5,3,"13",5,6,4,4,4,1,1,1,1,1,1,1,1,1,1,TRUE,FALSE,"Helse og omsorg","kvinne",23
"464",30,2,3,3,"10",3,5,4,5,2,1,1,1,1,2,2,2,2,1,1,FALSE,FALSE,"Helse og omsorg","mann",19
"465",35,1,2,2,"16",3,4,6,7,7,3,3,4,3,3,4,1,2,2,1,FALSE,FALSE,"Helse og omsorg","kvinne",27
"466",29,1,2,2,"11",4,7,6,6,6,4,3,3,3,3,4,2,3,2,1,FALSE,FALSE,"Helse og omsorg","kvinne",29
"467",47,1,2,3,"25",4,4,4,5,5,6,5,6,5,6,2,2,2,4,3,FALSE,FALSE,"Helse og omsorg","kvinne",22
"468",36,1,3,4,"11",5,5,5,7,7,4,2,2,3,4,1,1,1,1,1,FALSE,FALSE,"Helse og omsorg","kvinne",29
"469",33,1,3,3,"10",4,4,3,1,2,1,1,1,1,1,1,5,5,7,6,FALSE,FALSE,"Helse og omsorg","kvinne",14
"470",47,2,2,3,"32",2,2,2,5,2,6,5,6,5,5,1,2,3,3,1,FALSE,FALSE,"Annet","mann",13
"471",40,1,3,4,"12",2,5,3,2,1,1,2,2,2,2,1,1,1,1,1,FALSE,FALSE,"Helse og omsorg","kvinne",13
"472",30,2,3,2,"14",2,2,3,7,1,7,6,6,6,6,1,1,1,1,1,FALSE,FALSE,"Annet","mann",15
"473",52,1,3,4,"28",3,4,2,5,3,6,4,4,3,3,3,1,1,1,1,FALSE,FALSE,"Helse og omsorg","kvinne",17
"474",38,1,2,4,"16",6,7,7,7,6,6,7,7,7,7,1,1,1,1,1,FALSE,FALSE,"Annet","kvinne",33
"475",23,1,2,2,"6",7,7,6,7,7,3,2,2,2,2,4,5,5,4,4,FALSE,FALSE,"Helse og omsorg","kvinne",34
"476",35,1,3,2,"18",7,7,7,7,7,1,1,1,1,1,1,1,1,1,1,FALSE,FALSE,"Helse og omsorg","kvinne",35
"477",55,1,1,2,"40",6,6,7,7,6,3,2,6,2,2,1,1,1,1,1,TRUE,FALSE,"Helse og omsorg","kvinne",32
"478",40,1,1,4,"14",6,6,5,7,7,5,5,4,5,4,3,1,1,1,1,TRUE,FALSE,"Helse og omsorg","kvinne",31
"479",47,1,3,4,"19",4,5,4,6,6,4,4,3,3,2,1,1,1,1,1,FALSE,FALSE,"Helse og omsorg","kvinne",25
"480",46,1,3,3,"4",5,2,5,3,2,2,2,2,2,2,2,2,2,2,2,FALSE,FALSE,"Helse og omsorg","kvinne",17
"481",22,1,2,3,"0",1,1,1,1,1,1,1,1,1,1,1,1,1,1,1,FALSE,FALSE,"Helse og omsorg","kvinne",5
"482",31,1,2,2,"10",4,4,4,2,5,2,2,2,2,2,2,5,6,6,5,FALSE,FALSE,"Helse og omsorg","kvinne",19
"483",43,1,5,4,"24",3,3,4,3,2,2,2,2,4,4,2,1,1,1,1,TRUE,FALSE,"Helse og omsorg","kvinne",15
"484",65,2,1,2,"47",2,2,1,4,5,2,2,2,2,2,2,2,2,5,2,TRUE,FALSE,"Helse og omsorg","mann",14
"485",38,2,3,2,"19",1,1,1,2,2,4,3,4,4,5,1,1,1,2,1,FALSE,FALSE,"Annet","mann",7
"486",34,1,3,4,"10",2,1,2,1,1,2,1,1,1,1,1,1,3,2,1,FALSE,FALSE,"Annet","kvinne",7
"487",48,1,3,3,"22",1,4,1,3,1,1,1,1,1,1,1,1,1,1,1,FALSE,FALSE,"Helse og omsorg","kvinne",10
"488",55,1,1,3,"30",5,5,5,6,6,6,2,2,2,2,2,1,1,1,1,TRUE,FALSE,"Helse og omsorg","kvinne",27
"489",41,1,2,3,"20",1,2,2,3,3,3,1,1,1,1,1,1,1,1,1,FALSE,FALSE,"Helse og omsorg","kvinne",11
"490",49,1,1,3,"30",6,6,6,7,7,4,4,3,3,3,5,2,2,1,1,TRUE,FALSE,"Helse og omsorg","kvinne",32
"491",62,2,3,2,"44",1,2,2,4,5,1,1,1,1,1,1,1,1,1,1,FALSE,FALSE,"Annet","mann",14
"492",25,2,1,2,"8",2,2,1,5,1,1,1,3,4,6,1,1,1,1,1,TRUE,FALSE,"Annet","mann",11
"493",32,2,3,3,"16",6,6,6,2,2,2,1,1,1,1,1,1,1,1,1,FALSE,TRUE,"Annet","mann",22
"494",51,2,5,2,"32",4,5,5,6,6,3,2,2,2,2,3,1,3,1,1,TRUE,FALSE,"Helse og omsorg","mann",26
"495",54,1,3,2,"35",4,5,4,5,5,7,7,7,6,6,5,6,5,4,4,FALSE,FALSE,"Helse og omsorg","kvinne",23
"496",35,1,2,3,"13",6,7,5,5,5,4,5,5,5,5,1,1,1,1,1,FALSE,TRUE,"Helse og omsorg","kvinne",28
"497",54,1,2,2,"30",2,2,1,2,2,2,2,2,2,2,2,2,2,2,2,FALSE,TRUE,"Annet","kvinne",9
"498",56,2,3,4,"32",1,1,1,1,1,1,1,1,1,1,1,1,1,1,1,FALSE,FALSE,"Annet","mann",5
"499",36,1,3,2,"12",6,6,6,6,6,6,6,6,6,6,6,6,6,5,4,FALSE,FALSE,"Helse og omsorg","kvinne",30
"500",57,1,1,3,"34",2,1,1,2,2,1,1,1,1,1,1,1,1,1,1,TRUE,TRUE,"Annet","kvinne",8
"501",58,1,1,3,"40",2,2,3,3,2,2,2,2,2,2,2,2,2,2,2,TRUE,FALSE,"Helse og omsorg","kvinne",12
"502",55,1,3,2,"15",3,6,4,6,7,2,1,1,2,2,2,3,3,2,5,FALSE,FALSE,"Helse og omsorg","kvinne",26
"503",33,1,4,2,"2",4,7,7,6,7,4,1,1,1,1,1,4,4,4,3,TRUE,FALSE,"Annet","kvinne",31
"504",48,1,1,3,"28",4,3,2,3,1,1,1,1,1,1,3,5,5,5,5,TRUE,FALSE,"Annet","kvinne",13
"505",31,1,3,3,"16",4,5,5,7,6,7,6,6,6,6,5,1,1,1,1,FALSE,FALSE,"Helse og omsorg","kvinne",27
"506",58,2,2,4,"30",2,2,3,6,6,4,4,5,3,5,1,1,1,1,1,FALSE,TRUE,"Annet","mann",19
"507",53,1,3,2,"35",4,3,2,5,5,2,2,2,2,2,2,1,2,1,1,FALSE,FALSE,"Helse og omsorg","kvinne",19
"508",66,2,3,4,"42",4,5,4,4,4,2,5,6,5,4,3,2,2,2,2,FALSE,FALSE,"Helse og omsorg","mann",21
"509",39,1,2,3,"15",3,3,3,5,3,4,3,4,3,3,1,1,2,2,2,FALSE,FALSE,"Annet","kvinne",17
"510",44,1,2,3,"21",5,5,5,5,5,2,2,2,2,2,2,2,2,2,2,FALSE,FALSE,"Helse og omsorg","kvinne",25
"511",32,2,1,3,"10",1,1,1,1,1,5,5,5,5,2,3,3,2,2,2,TRUE,FALSE,"Annet","mann",5
"512",46,1,3,4,"20",6,5,6,7,7,1,4,6,2,4,1,1,1,1,1,FALSE,TRUE,"Annet","kvinne",31
"513",52,3,5,4,"36",2,4,3,2,2,4,3,3,3,3,2,2,2,2,2,TRUE,FALSE,"Helse og omsorg","kvinne",13
"514",49,2,3,4,"24",4,5,6,6,6,7,7,6,6,7,1,1,1,1,1,FALSE,FALSE,"Annet","mann",27
"515",42,1,2,4,"20",2,3,2,4,4,2,1,1,1,1,4,1,1,1,2,FALSE,FALSE,"Helse og omsorg","kvinne",15
"516",40,1,2,2,"24",1,1,1,1,1,1,1,1,1,1,1,1,1,1,1,FALSE,FALSE,"Helse og omsorg","kvinne",5
"517",40,1,3,3,"23",4,6,6,7,4,7,7,7,7,7,4,3,3,2,2,FALSE,TRUE,"Helse og omsorg","kvinne",27
"518",42,2,3,2,"25",1,1,1,2,1,3,3,3,3,3,1,2,2,2,2,FALSE,FALSE,"Annet","mann",6
"519",59,1,3,4,"42",4,2,3,4,4,2,2,2,2,2,2,2,2,2,2,FALSE,FALSE,"Helse og omsorg","kvinne",17
"520",27,1,1,3,"2016",4,4,5,6,5,2,2,2,2,2,2,2,2,1,1,TRUE,FALSE,"Helse og omsorg","kvinne",24
"521",41,1,3,3,"20",2,2,3,6,6,1,1,1,1,1,4,1,1,1,1,FALSE,FALSE,"Helse og omsorg","kvinne",19
"522",37,1,2,3,"",1,2,3,2,2,1,1,1,1,1,1,1,1,1,1,FALSE,FALSE,"Helse og omsorg","kvinne",10
"523",35,1,1,3,"16",4,3,2,4,3,5,5,4,4,4,1,1,1,1,1,TRUE,FALSE,"Helse og omsorg","kvinne",16
"524",58,1,5,4,"31",4,5,2,5,7,1,1,1,1,1,1,1,1,1,1,TRUE,FALSE,"Helse og omsorg","kvinne",23
"525",24,1,2,3,"1",6,6,6,7,7,4,4,4,4,4,3,3,3,3,3,FALSE,FALSE,"Helse og omsorg","kvinne",32
"526",46,1,3,4,"22",1,3,2,4,3,1,3,5,5,5,1,1,1,1,1,FALSE,FALSE,"Helse og omsorg","kvinne",13
"527",25,1,2,3,"8",2,2,2,5,3,4,5,5,4,5,1,1,1,1,1,FALSE,FALSE,"Annet","kvinne",14
"528",62,1,1,4,"43",4,2,2,2,2,2,4,4,2,4,1,1,1,1,1,TRUE,TRUE,"Annet","kvinne",12
"529",37,1,2,3,"10",4,7,3,5,6,2,4,5,3,3,2,1,1,1,1,FALSE,FALSE,"Annet","kvinne",25
"530",46,2,3,4,"20",2,2,1,3,4,3,3,2,1,2,1,1,1,1,1,FALSE,TRUE,"Annet","mann",12
"531",52,2,1,3,"36",3,1,2,4,5,6,7,7,7,6,2,1,1,1,2,TRUE,FALSE,"Annet","mann",15
"532",57,1,3,2,"40",5,4,5,6,6,7,6,6,3,5,2,1,1,1,1,FALSE,FALSE,"Helse og omsorg","kvinne",26
"533",40,1,2,3,"14",3,1,4,6,5,6,5,7,5,6,1,1,1,1,1,FALSE,FALSE,"Helse og omsorg","kvinne",19
"534",35,1,3,3,"17",6,6,4,6,6,3,2,2,3,2,3,2,4,4,1,FALSE,FALSE,"Helse og omsorg","kvinne",28
"535",46,2,3,3,"26",2,2,2,2,2,2,2,2,2,2,2,2,2,2,2,FALSE,FALSE,"Annet","mann",10
"536",38,1,1,4,"18",6,7,4,6,6,5,5,5,5,4,2,2,2,1,2,TRUE,FALSE,"Helse og omsorg","kvinne",29
"537",47,2,2,4,"17",2,2,2,2,2,2,2,2,2,2,2,2,2,2,2,FALSE,TRUE,"Annet","mann",10
"538",64,2,3,4,"45",4,5,5,6,5,2,4,6,2,2,1,1,1,1,1,FALSE,FALSE,"Annet","mann",25
"539",27,1,1,4,"5",3,1,2,2,1,4,2,2,2,2,4,4,4,3,3,TRUE,FALSE,"Annet","kvinne",9
"540",43,1,2,2,"27",2,6,6,5,4,3,1,1,1,2,2,2,2,1,1,FALSE,FALSE,"Helse og omsorg","kvinne",23
"541",35,1,3,2,"16",7,7,5,7,7,2,5,6,4,5,1,1,1,1,1,FALSE,FALSE,"Helse og omsorg","kvinne",33
"542",31,1,1,3,"13",3,2,1,6,6,5,4,4,4,4,2,2,2,2,2,TRUE,FALSE,"Helse og omsorg","kvinne",18
"543",50,1,2,4,"28",4,6,6,6,6,6,6,6,6,6,2,1,1,1,1,FALSE,FALSE,"Annet","kvinne",28
"544",40,1,1,3,"10",3,4,1,6,5,5,7,7,7,6,1,1,1,1,1,TRUE,TRUE,"Helse og omsorg","kvinne",19
"545",40,1,3,4,"22",1,1,1,1,1,1,1,1,1,1,1,1,1,1,1,FALSE,FALSE,"Helse og omsorg","kvinne",5
"546",33,1,3,4,"10",1,2,4,2,2,2,3,3,3,3,1,1,1,1,1,FALSE,FALSE,"Annet","kvinne",11
"547",43,1,3,3,"20",3,5,4,4,4,4,3,3,5,5,5,2,2,1,1,FALSE,FALSE,"Helse og omsorg","kvinne",20
"548",50,2,4,4,"25",1,3,2,4,3,2,1,1,2,4,1,1,1,1,1,TRUE,FALSE,"Helse og omsorg","mann",13
"549",65,2,1,4,"21",6,6,6,7,7,7,6,6,5,6,5,6,6,5,5,TRUE,FALSE,"Helse og omsorg","mann",32
"550",62,1,5,2,"30",7,7,7,7,7,7,7,7,7,7,7,7,7,7,7,TRUE,FALSE,"Helse og omsorg","kvinne",35
"551",36,2,3,3,"15",1,1,2,2,2,3,4,3,3,2,1,1,4,3,5,FALSE,FALSE,"Annet","mann",8
"552",56,1,2,2,"38",5,4,3,6,5,3,2,4,4,4,2,3,4,2,2,FALSE,FALSE,"Annet","kvinne",23
"553",31,1,2,3,"10",5,4,5,5,6,5,4,4,4,3,6,1,4,1,1,FALSE,FALSE,"Helse og omsorg","kvinne",25
"554",53,1,3,4,"25",6,7,4,7,7,5,6,6,6,6,3,3,3,1,2,FALSE,FALSE,"Annet","kvinne",31
"555",32,1,1,2,"14",1,1,4,5,3,1,1,1,1,1,4,5,4,6,7,TRUE,FALSE,"Helse og omsorg","kvinne",14
"556",38,1,2,3,"22",4,6,4,6,7,3,3,5,4,4,2,1,3,1,1,FALSE,FALSE,"Helse og omsorg","kvinne",27
"557",51,1,2,3,"25",2,3,4,5,4,3,2,2,2,2,4,4,4,4,4,FALSE,FALSE,"Annet","kvinne",18
"558",39,1,2,1,"22",1,2,2,4,2,7,6,6,5,5,2,2,2,2,2,FALSE,TRUE,"Annet","kvinne",11
"559",44,1,3,4,"18",5,5,5,4,4,6,5,4,3,4,2,2,2,2,2,FALSE,FALSE,"Annet","kvinne",23
"560",52,1,3,3,"30",1,2,1,6,6,1,1,1,1,1,1,1,1,1,1,FALSE,FALSE,"Annet","kvinne",16
"561",22,2,2,2,"5",2,2,3,3,2,4,2,3,1,1,1,1,1,1,1,FALSE,FALSE,"Annet","mann",12
"562",31,1,2,2,"16",1,2,1,1,1,2,2,2,2,2,1,1,1,1,1,FALSE,FALSE,"Annet","kvinne",6
"563",35,1,2,4,"4",1,1,1,2,1,1,1,1,2,2,1,1,1,1,1,FALSE,FALSE,"Annet","kvinne",6
"564",59,2,1,2,"35",2,1,1,1,1,1,6,4,2,2,1,1,1,1,1,TRUE,FALSE,"Helse og omsorg","mann",6
"565",50,1,3,3,"30",5,5,5,5,4,5,5,5,5,5,2,2,5,2,2,FALSE,FALSE,"Helse og omsorg","kvinne",24
"566",31,1,1,2,"14",4,5,4,5,6,4,3,3,2,4,1,3,3,2,6,TRUE,FALSE,"Helse og omsorg","kvinne",24
"567",30,1,2,3,"8",5,5,6,6,6,2,1,1,2,2,5,1,1,2,1,FALSE,FALSE,"Helse og omsorg","kvinne",28
"568",61,1,3,4,"40",2,5,2,2,2,2,2,5,1,2,2,1,1,1,1,FALSE,FALSE,"Helse og omsorg","kvinne",13
"569",38,2,3,2,"20",6,5,6,6,6,5,4,4,4,4,2,2,2,5,2,FALSE,FALSE,"Annet","mann",29
"570",54,2,1,2,"38",1,1,1,1,1,1,1,1,1,1,2,3,2,1,2,TRUE,FALSE,"Annet","mann",5
"571",60,1,5,2,"42",5,5,5,5,5,4,4,4,4,4,3,2,2,1,1,TRUE,FALSE,"Helse og omsorg","kvinne",25
"572",29,1,2,2,"11",2,2,2,2,2,1,1,1,1,1,1,1,2,2,2,FALSE,FALSE,"Helse og omsorg","kvinne",10
"573",25,1,1,3,"3",2,2,2,3,2,2,4,4,4,4,1,1,1,1,1,TRUE,FALSE,"Annet","kvinne",11
"574",50,1,3,3,"35",2,4,3,2,2,1,2,2,2,3,2,1,2,1,1,FALSE,TRUE,"Annet","kvinne",13
"575",51,1,3,4,"20",4,5,3,6,5,2,2,5,2,2,2,1,2,1,1,FALSE,FALSE,"Annet","kvinne",23
"576",34,2,1,1,"1",1,1,2,2,4,1,1,1,1,2,1,1,1,2,1,TRUE,FALSE,"Annet","mann",10
